[{"$i":"title","$v":"Teclado"},{"$i":"settingsPageTitle","$v":"Teclado integrado"},{"$i":"ok","$v":"OK"},{"$i":"keyboardSettings","$v":"Configurações de teclado"},{"$i":"cancel","$v":"Cancelar"},{"$i":"delete","$v":"Excluir"},{"$i":"done","$v":"Concluído"},{"$i":"previous","$v":"Anterior"},{"$i":"next","$v":"Próximo"},{"$i":"select","$v":"Selecionar"},{"$i":"enter","$v":"Entrar"},{"$i":"spell","$v":"Soletrar"},{"$i":"symbols","$v":{"one":"Símbolos 2/3","two":"Símbolos 3/3","zero":"Símbolos 1/3"},"$x":[{"t":"idOrVar","v":"plural"},"n"]},{"$i":"symbols-lnd","$v":{"one":"Símbolos 2/4","other":"Símbolos 4/4","two":"Símbolos 3/4","zero":"Símbolos 1/4"},"$x":[{"t":"idOrVar","v":"plural"},"n"]},{"$i":"vibration","$v":"Vibração"},{"$i":"clickSound","$v":"Som de clique"},{"$i":"autoCorrect","$v":"Correção automática"},{"$i":"wordSuggestion","$v":"Sugestão de palavra"},{"$i":"userDictionary","$v":"Dicionário do usuário"},{"$i":"handwritingKeyboard","$v":"Manuscrito"},{"$i":"strokeWidth","$v":"Espessura do traço"},{"$i":"responseSpeed","$v":"Velocidade de resposta"},{"$i":"wordSuggestions2","ariaLabel":"Sugestões de palavra"},{"$i":"dismiss2","ariaLabel":"Cancelar"},{"$i":"alternateLayoutKey2","ariaLabel":"mais números e símbolos"},{"$i":"basicLayoutKey2","ariaLabel":"letras"},{"$i":"upperCaseKey2","ariaLabel":"shift"},{"$i":"backSpaceKey2","ariaLabel":"excluir"},{"$i":"spaceKey2","ariaLabel":"espaço"},{"$i":"returnKey2","ariaLabel":"voltar"},{"$i":"periodKey2","ariaLabel":"ponto final"},{"$i":"commaKey2","ariaLabel":"vírgula"},{"$i":"colonKey2","ariaLabel":"dois pontos"},{"$i":"semicolonKey2","ariaLabel":"ponto e vírgula"},{"$i":"questionMarkKey2","ariaLabel":"ponto de interrogação"},{"$i":"exclamationPointKey2","ariaLabel":"ponto de exclamação"},{"$i":"leftBracketKey2","ariaLabel":"colchete esquerdo"},{"$i":"rightBracketKey2","ariaLabel":"colchete direito"},{"$i":"doubleQuoteKey2","ariaLabel":"aspas duplas"},{"$i":"leftDoubleAngleQuoteKey2","ariaLabel":"aspas duplas inclinadas à esquerda"},{"$i":"rightDoubleAngleQuoteKey2","ariaLabel":"aspas duplas inclinadas à direita"},{"$i":"userDictionaryNoWord","$v":"Não há palavras no dicionário do usuário."},{"$i":"userDictionaryAddNow","$v":"Adicione uma palavra agora."},{"$i":"userDictionaryAddButton","ariaLabel":"adicionar palavra"},{"$i":"userDictionaryAdd","$v":"Adicionar palavra"},{"$i":"userDictionaryEdit","$v":"Editar palavra"},{"$i":"userDictionarySaveButton","$v":"Salvar"},{"$i":"userDictionaryDeleteButton","$v":"Excluir"},{"$i":"userDictionaryDeletePrompt","$v":["Excluir a palavra “",{"t":"idOrVar","v":"word"},"”?"]}]