[{"$i":"title","$v":"Teclado"},{"$i":"settingsPageTitle","$v":"Teclado integrado"},{"$i":"ok","$v":"OK"},{"$i":"keyboardSettings","$v":"Definições do teclado"},{"$i":"cancel","$v":"Cancelar"},{"$i":"delete","$v":"Eliminar"},{"$i":"done","$v":"Concluído"},{"$i":"previous","$v":"Anterior"},{"$i":"next","$v":"Seguinte"},{"$i":"select","$v":"Selecionar"},{"$i":"enter","$v":"Introduzir"},{"$i":"spell","$v":"Soletre"},{"$i":"symbols","$v":{"one":"Símbolos 2/3","two":"Símbolos 3/3","zero":"Símbolos 1/3"},"$x":[{"t":"idOrVar","v":"plural"},"n"]},{"$i":"symbols-lnd","$v":{"one":"Símbolos 2/4","other":"Símbolos 4/4","two":"Símbolos 3/4","zero":"Símbolos 1/4"},"$x":[{"t":"idOrVar","v":"plural"},"n"]},{"$i":"vibration","$v":"Vibração"},{"$i":"clickSound","$v":"Som de clique"},{"$i":"autoCorrect","$v":"Autocorreção"},{"$i":"wordSuggestion","$v":"Sugestão de palavra"},{"$i":"userDictionary","$v":"Dicionário do utilizador"},{"$i":"handwritingKeyboard","$v":"Escrita manual"},{"$i":"strokeWidth","$v":"Largura do traço"},{"$i":"responseSpeed","$v":"Velocidade de resposta"},{"$i":"wordSuggestions2","ariaLabel":"Sugestões de palavra"},{"$i":"dismiss2","ariaLabel":"Fechar"},{"$i":"alternateLayoutKey2","ariaLabel":"mais números e símbolos"},{"$i":"basicLayoutKey2","ariaLabel":"letras"},{"$i":"upperCaseKey2","ariaLabel":"shift"},{"$i":"backSpaceKey2","ariaLabel":"eliminar"},{"$i":"spaceKey2","ariaLabel":"espaço"},{"$i":"returnKey2","ariaLabel":"enter"},{"$i":"periodKey2","ariaLabel":"ponto final"},{"$i":"commaKey2","ariaLabel":"vírgula"},{"$i":"colonKey2","ariaLabel":"dois pontos"},{"$i":"semicolonKey2","ariaLabel":"ponto e vírgula"},{"$i":"questionMarkKey2","ariaLabel":"ponto de interrogação"},{"$i":"exclamationPointKey2","ariaLabel":"ponto de exclamação"},{"$i":"leftBracketKey2","ariaLabel":"parêntese esquerdo"},{"$i":"rightBracketKey2","ariaLabel":"parêntese direito"},{"$i":"doubleQuoteKey2","ariaLabel":"aspa dupla"},{"$i":"leftDoubleAngleQuoteKey2","ariaLabel":"aspas esquerdas em ângulo"},{"$i":"rightDoubleAngleQuoteKey2","ariaLabel":"aspas direitas em ângulo"},{"$i":"userDictionaryNoWord","$v":"Não existem palavras no dicionário do utilizador."},{"$i":"userDictionaryAddNow","$v":"Adicionar uma palavra agora."},{"$i":"userDictionaryAddButton","ariaLabel":"adicionar palavra"},{"$i":"userDictionaryAdd","$v":"Adicionar palavra"},{"$i":"userDictionaryEdit","$v":"Editar palavra"},{"$i":"userDictionarySaveButton","$v":"Guardar"},{"$i":"userDictionaryDeleteButton","$v":"Eliminar"},{"$i":"userDictionaryDeletePrompt","$v":["Eliminar a palavra “",{"t":"idOrVar","v":"word"},"”?"]}]