[{"$i":"title","$v":"Tastatură"},{"$i":"settingsPageTitle","$v":"Tastatură integrată"},{"$i":"ok","$v":"OK"},{"$i":"keyboardSettings","$v":"Setări tastatură"},{"$i":"cancel","$v":"Anulare"},{"$i":"delete","$v":"Ștergere"},{"$i":"done","$v":"Gata"},{"$i":"previous","$v":"Înapoi"},{"$i":"next","$v":"Înainte"},{"$i":"select","$v":"Selectare"},{"$i":"enter","$v":"Introducere"},{"$i":"spell","$v":"Verificare ortografică"},{"$i":"symbols","$v":{"one":"Simboluri 2/3","two":"Simboluri 3/3","zero":"Simboluri 1/3"},"$x":[{"t":"idOrVar","v":"plural"},"n"]},{"$i":"symbols-lnd","$v":{"one":"Simboluri 2/4","other":"Simboluri 4/4","two":"Simboluri 3/4","zero":"Simboluri 1/4"},"$x":[{"t":"idOrVar","v":"plural"},"n"]},{"$i":"vibration","$v":"Vibrații"},{"$i":"clickSound","$v":"Dați clic pe Sunet"},{"$i":"autoCorrect","$v":"Corectare automată"},{"$i":"wordSuggestion","$v":"Sugestie cuvânt"},{"$i":"userDictionary","$v":"Dicționar utilizator"},{"$i":"handwritingKeyboard","$v":"Scris de mână"},{"$i":"strokeWidth","$v":"Grosime linii"},{"$i":"responseSpeed","$v":"Viteză de reacție"},{"$i":"wordSuggestions2","ariaLabel":"Sugestii cuvinte"},{"$i":"dismiss2","ariaLabel":"Respingere"},{"$i":"alternateLayoutKey2","ariaLabel":"mai multe numere și simboluri"},{"$i":"basicLayoutKey2","ariaLabel":"litere"},{"$i":"upperCaseKey2","ariaLabel":"shift"},{"$i":"backSpaceKey2","ariaLabel":"ștergere"},{"$i":"spaceKey2","ariaLabel":"spațiu"},{"$i":"returnKey2","ariaLabel":"revenire"},{"$i":"periodKey2","ariaLabel":"punct"},{"$i":"commaKey2","ariaLabel":"virgulă"},{"$i":"colonKey2","ariaLabel":"două puncte"},{"$i":"semicolonKey2","ariaLabel":"punct și virgulă"},{"$i":"questionMarkKey2","ariaLabel":"semnul întrebării"},{"$i":"exclamationPointKey2","ariaLabel":"semnul exclamării"},{"$i":"leftBracketKey2","ariaLabel":"paranteză deschisă"},{"$i":"rightBracketKey2","ariaLabel":"paranteză închisă"},{"$i":"doubleQuoteKey2","ariaLabel":"ghilimele duble"},{"$i":"leftDoubleAngleQuoteKey2","ariaLabel":"ghilimele unghiulare deschise"},{"$i":"rightDoubleAngleQuoteKey2","ariaLabel":"ghilimele unghiulare închise"},{"$i":"userDictionaryNoWord","$v":"Nu există cuvinte în dicționarul utilizatorului."},{"$i":"userDictionaryAddNow","$v":"Adăugați un cuvânt acum."},{"$i":"userDictionaryAddButton","ariaLabel":"adăugare cuvânt"},{"$i":"userDictionaryAdd","$v":"Adăugare cuvânt"},{"$i":"userDictionaryEdit","$v":"Modificare cuvânt"},{"$i":"userDictionarySaveButton","$v":"Salvare"},{"$i":"userDictionaryDeleteButton","$v":"Ștergere"},{"$i":"userDictionaryDeletePrompt","$v":["Ștergeți cuvântul „",{"t":"idOrVar","v":"word"},"”?"]}]