[{"$i":"title","$v":"کی بورڈ"},{"$i":"settingsPageTitle","$v":"اندرونی کی بورڈ"},{"$i":"ok","$v":"ٹھیک ہے"},{"$i":"keyboardSettings","$v":"کیی بورڈ سیٹنگز"},{"$i":"cancel","$v":"منسوخ کریں"},{"$i":"delete","$v":"حذف کریں"},{"$i":"done","$v":"ہو گیا"},{"$i":"previous","$v":"گزشتہ"},{"$i":"next","$v":"اگلا"},{"$i":"select","$v":"منتخب کریں"},{"$i":"enter","$v":"Enter"},{"$i":"spell","$v":"ہجے"},{"$i":"symbols","$v":{"one":"علامات 2/3","two":"علامات 3/3","zero":"علامات 1/3"},"$x":[{"t":"idOrVar","v":"plural"},"n"]},{"$i":"symbols-lnd","$v":{"one":"علامتیں 2/4","other":"علامتیں 4/4","two":"علامتیں 3/4","zero":"علامتیں 1/4"},"$x":[{"t":"idOrVar","v":"plural"},"n"]},{"$i":"vibration","$v":"وائبریشن"},{"$i":"clickSound","$v":"ساؤنڈ پر کلک کریں"},{"$i":"autoCorrect","$v":"خودکار اصلاح"},{"$i":"wordSuggestion","$v":"لفظ کی تجویز"},{"$i":"userDictionary","$v":"صارف لغت"},{"$i":"handwritingKeyboard","$v":"دستی تحریر"},{"$i":"strokeWidth","$v":"اسٹروک کی چوڑائی"},{"$i":"responseSpeed","$v":"جوابی رفتار"},{"$i":"wordSuggestions2","ariaLabel":"لفظ کی تجاویز"},{"$i":"dismiss2","ariaLabel":"برخاست کریں"},{"$i":"alternateLayoutKey2","ariaLabel":"مزید ممبران اور علامات"},{"$i":"basicLayoutKey2","ariaLabel":"حروف"},{"$i":"upperCaseKey2","ariaLabel":"شفٹ"},{"$i":"backSpaceKey2","ariaLabel":"حذف کریں"},{"$i":"spaceKey2","ariaLabel":"space"},{"$i":"returnKey2","ariaLabel":"واپسی"},{"$i":"periodKey2","ariaLabel":"مدت"},{"$i":"commaKey2","ariaLabel":"علامت وقفہ"},{"$i":"colonKey2","ariaLabel":"کالن"},{"$i":"semicolonKey2","ariaLabel":"نیم وقفہ"},{"$i":"questionMarkKey2","ariaLabel":"سوالیہ نشان"},{"$i":"exclamationPointKey2","ariaLabel":"نقطہ فجائیہ"},{"$i":"leftBracketKey2","ariaLabel":"بائيں قوسین"},{"$i":"rightBracketKey2","ariaLabel":"دائیں قوسین"},{"$i":"doubleQuoteKey2","ariaLabel":"واوین"},{"$i":"leftDoubleAngleQuoteKey2","ariaLabel":"بائیں زاویہ واوین"},{"$i":"rightDoubleAngleQuoteKey2","ariaLabel":"دائيں زاویہ واوین"},{"$i":"userDictionaryNoWord","$v":"صارف کی لغت میں کوئی الفاظ نہیں ہے۔"},{"$i":"userDictionaryAddNow","$v":"ایک لفظ ابھی شامل کریں"},{"$i":"userDictionaryAddButton","ariaLabel":"لفظ شامل کریں"},{"$i":"userDictionaryAdd","$v":"لفظ شامل کریں"},{"$i":"userDictionaryEdit","$v":"لفظ کی تدوین کریں"},{"$i":"userDictionarySaveButton","$v":"محفوظ کریں"},{"$i":"userDictionaryDeleteButton","$v":"حذف کریں"},{"$i":"userDictionaryDeletePrompt","$v":["لفظ “",{"t":"idOrVar","v":"word"},"” حذف کریں؟"]}]