[{"$i":"title","$v":"Bàn phím"},{"$i":"settingsPageTitle","$v":"Bàn phím được Tích hợp sẵn"},{"$i":"ok","$v":"OK"},{"$i":"keyboardSettings","$v":"Cài đặt bàn phím"},{"$i":"cancel","$v":"Hủy"},{"$i":"delete","$v":"Xóa"},{"$i":"done","$v":"Đã xong"},{"$i":"previous","$v":"Trước"},{"$i":"next","$v":"Tiếp"},{"$i":"select","$v":"Chọn"},{"$i":"enter","$v":"Nhập"},{"$i":"spell","$v":"Đánh vần"},{"$i":"symbols","$v":{"one":"Biểu tượng 2/3","two":"Biểu tượng 3/3","zero":"Biểu tượng 1/3"},"$x":[{"t":"idOrVar","v":"plural"},"n"]},{"$i":"symbols-lnd","$v":{"one":"Biểu tượng 2/4","other":"Biểu tượng 4/4","two":"Biểu tượng 3/4","zero":"Biểu tượng 1/4"},"$x":[{"t":"idOrVar","v":"plural"},"n"]},{"$i":"vibration","$v":"Chế độ rung"},{"$i":"clickSound","$v":"Nhấp vào âm thanh"},{"$i":"autoCorrect","$v":"Tự động sửa"},{"$i":"wordSuggestion","$v":"Gợi ý từ"},{"$i":"userDictionary","$v":"Từ điển người dùng"},{"$i":"handwritingKeyboard","$v":"Chữ viết tay"},{"$i":"strokeWidth","$v":"Bề rộng Nét"},{"$i":"responseSpeed","$v":"Tốc độ Phản hồi"},{"$i":"wordSuggestions2","ariaLabel":"Các gợi ý từ"},{"$i":"dismiss2","ariaLabel":"Bỏ qua"},{"$i":"alternateLayoutKey2","ariaLabel":"nhiều số và biểu tượng hơn"},{"$i":"basicLayoutKey2","ariaLabel":"chữ cái"},{"$i":"upperCaseKey2","ariaLabel":"thay đổi"},{"$i":"backSpaceKey2","ariaLabel":"xóa"},{"$i":"spaceKey2","ariaLabel":"không gian"},{"$i":"returnKey2","ariaLabel":"quay lại"},{"$i":"periodKey2","ariaLabel":"dấu chấm"},{"$i":"commaKey2","ariaLabel":"dấu phẩy"},{"$i":"colonKey2","ariaLabel":"dấu hai chấm"},{"$i":"semicolonKey2","ariaLabel":"dấu chấm phẩy"},{"$i":"questionMarkKey2","ariaLabel":"dấu chấm hỏi"},{"$i":"exclamationPointKey2","ariaLabel":"dấu chấm than"},{"$i":"leftBracketKey2","ariaLabel":"dấu ngoặc đơn bên trái"},{"$i":"rightBracketKey2","ariaLabel":"dấu ngoặc đơn bên phải"},{"$i":"doubleQuoteKey2","ariaLabel":"dấu ngoặc kép"},{"$i":"leftDoubleAngleQuoteKey2","ariaLabel":"dấu nhọn kép bên trái"},{"$i":"rightDoubleAngleQuoteKey2","ariaLabel":"dấu nhọn kép bên phải"},{"$i":"userDictionaryNoWord","$v":"Không có từ nào trong từ điển người dùng."},{"$i":"userDictionaryAddNow","$v":"Thêm một từ ngay bây giờ."},{"$i":"userDictionaryAddButton","ariaLabel":"thêm từ"},{"$i":"userDictionaryAdd","$v":"Thêm Từ"},{"$i":"userDictionaryEdit","$v":"Chỉnh sửa Từ"},{"$i":"userDictionarySaveButton","$v":"Lưu"},{"$i":"userDictionaryDeleteButton","$v":"Xóa"},{"$i":"userDictionaryDeletePrompt","$v":["Xóa từ “",{"t":"idOrVar","v":"word"},"”?"]}]