{
  "202": "Europe/Athens", 
  "204": "Europe/Amsterdam", 
  "206": "Europe/Brussels", 
  "208": "Europe/Paris", 
  "214": "Europe/Madrid", 
  "216": "Europe/Budapest", 
  "218": "Europe/Sarajevo", 
  "219": "Europe/Zagreb", 
  "220": "Europe/Belgrade", 
  "222": "Europe/Rome", 
  "226": "Europe/Bucharest", 
  "228": "Europe/Zurich", 
  "230": "Europe/Prague", 
  "231": "Europe/Bratislava", 
  "232": "Europe/Vienna", 
  "234": {
    "00": "Europe/London", 
    "02": "Europe/London", 
    "03": "Europe/Jersey", 
    "10": "Europe/London", 
    "11": "Europe/London", 
    "15": "Europe/London", 
    "20": "Europe/London", 
    "30": "Europe/London", 
    "31": "Europe/London", 
    "32": "Europe/London", 
    "33": "Europe/London", 
    "34": "Europe/London", 
    "36": "Europe/Isle_of_Man", 
    "50": "Europe/Jersey", 
    "55": "Europe/Jersey", 
    "58": "Europe/Isle_of_Man"
  }, 
  "238": "Europe/Copenhagen", 
  "240": "Europe/Stockholm", 
  "242": "Europe/Oslo", 
  "244": "Europe/Helsinki", 
  "246": "Europe/Vilnius", 
  "247": "Europe/Riga", 
  "248": "Europe/Tallinn", 
  "250": "Europe/Moscow", 
  "255": "Europe/Kiev", 
  "257": "Europe/Minsk", 
  "259": "Europe/Chisinau", 
  "260": "Europe/Warsaw", 
  "262": "Europe/Berlin", 
  "268": "Europe/Lisbon", 
  "270": "Europe/Luxembourg", 
  "272": "Europe/Dublin", 
  "274": "Atlantic/Reykjavik", 
  "276": "Europe/Tirane", 
  "278": "Europe/Malta", 
  "280": "Asia/Nicosia", 
  "282": "Asia/Tbilisi", 
  "283": "Asia/Yerevan", 
  "284": "Europe/Sofia", 
  "286": "Europe/Istanbul", 
  "288": "Atlantic/Faroe_Islands", 
  "293": "Europe/Ljubljana", 
  "294": "Europe/Skopje", 
  "297": "Europe/Podgorica", 
  "302": "America/Toronto", 
  "310": "America/New_York", 
  "311": "America/New_York", 
  "334": "America/Mexico_City", 
  "338": "America/Jamaica", 
  "342": "America/Barbados", 
  "358": "America/St_Lucia", 
  "360": "America/St_Vincent", 
  "364": "America/Nassau", 
  "370": "America/Santo_Domingo", 
  "374": "America/Port_of_Spain", 
  "400": "Asia/Baku", 
  "401": "Asia/Almaty", 
  "404": "Asia/Kolkata", 
  "405": "Asia/Kolkata", 
  "410": "Asia/Karachi", 
  "412": "Asia/Kabul", 
  "413": "Asia/Colombo", 
  "415": "Asia/Beirut", 
  "416": "Asia/Amman", 
  "418": "Asia/Baghdad", 
  "419": "Asia/Kuwait", 
  "420": "Asia/Riyadh", 
  "422": "Asia/Muscat", 
  "424": "Asia/Dubai", 
  "425": "Asia/Jerusalem", 
  "426": "Asia/Bahrain", 
  "427": "Asia/Qatar", 
  "428": "Asia/Ulan_Bator", 
  "429": "Asia/Kathmandu", 
  "432": "Asia/Tehran", 
  "434": "Asia/Tashkent", 
  "437": "Asia/Bishkek", 
  "440": "Asia/Tokyo", 
  "450": "Asia/Seoul", 
  "452": "Asia/Saigon", 
  "454": "Asia/Hong_Kong", 
  "455": "Asia/Macau", 
  "456": "Asia/Phnom_Penh", 
  "457": "Asia/Vientiane", 
  "460": "Asia/Chongqing",
  "466": "Asia/Taipei", 
  "470": "Asia/Dhaka", 
  "472": "Indian/Maldives", 
  "502": "Asia/Kuala_Lumpur", 
  "505": "Australia/Sydney", 
  "510": "Asia/Jakarta", 
  "515": {
    "01": "Asia/Karachi", 
    "02": "Asia/Manila", 
    "03": "Asia/Manila", 
    "04": "Asia/Karachi", 
    "05": "Asia/Manila", 
    "06": "Asia/Karachi", 
    "07": "Asia/Karachi"
  }, 
  "520": "Asia/Bangkok", 
  "525": "Asia/Singapore", 
  "528": "Asia/Brunei", 
  "530": "Pacific/Auckland", 
  "542": "Pacific/Fiji", 
  "547": "Pacific/Tahiti", 
  "602": "Africa/Cairo", 
  "603": "Africa/Algiers", 
  "604": "Africa/Casablanca", 
  "605": "Africa/Tunis", 
  "608": "Africa/Dakar", 
  "610": "Africa/Bamako", 
  "612": "Africa/Abidjan", 
  "617": "Indian/Mauritius", 
  "620": "Africa/Accra", 
  "621": "Africa/Lagos", 
  "624": "Africa/Douala", 
  "630": "Africa/Kinshasa", 
  "631": "Africa/Luanda", 
  "634": "Africa/Khartoum", 
  "635": "Africa/Kigali", 
  "636": "Africa/Addis_Ababa", 
  "639": "Africa/Nairobi", 
  "640": "Africa/Dar_es_Salaam", 
  "641": "Africa/Kampala", 
  "642": "Africa/Bujumbura", 
  "643": "Africa/Maputo", 
  "647": "Indian/Reunion", 
  "649": "Africa/Windhoek", 
  "650": "Africa/Blantyre", 
  "651": "Africa/Maseru", 
  "652": "Africa/Gaborone", 
  "655": "Africa/Johannesburg", 
  "704": "America/Guatemala", 
  "706": "America/El_Salvador", 
  "708": "America/Tegucigalpa", 
  "710": "America/Managua", 
  "712": "America/Costa_Rica", 
  "714": "America/Panama", 
  "716": "America/Lima", 
  "722": "America/Argentina/Buenos_Aires", 
  "724": "America/Sao_Paulo", 
  "730": "America/Santiago", 
  "732": "America/Bogota", 
  "734": "America/Caracas", 
  "738": "America/Guyana", 
  "740": "America/Quito", 
  "744": "America/Asuncion", 
  "748": "America/Montevideo"
}
