{
  "af-ZA"     : "Afrikaans",
  "ar-SA"     : "عربي",
  "bn-IN"     : "বাংলা (IN)",
  "de-DE"     : "Deutsch",
  "en-GB"     : "English (GB)",
  "en-US"     : "English (US)",
  "es-US"     : "Español (US)",
  "es-ES"     : "Español (ES)",
  "fa-IR"     : "فارسی (IR)",
  "fr-CA"     : "French (CA)",
  "fr-FR"     : "Français (FR)",
  "hi-HI"     : "हिन्दी",
  "hu-HU"     : "Magyar",
  "id-ID"     : "Bahasa Indonesia",
  "it-IT"     : "Italiano",
  "ms-MY"     : "Melayu",
  "ne-IN"     : "नेपाली",
  "nl-NL"     : "Nederlands",
  "pl-PL"     : "Polski",
  "pt-BR"     : "Português (do Brasil)",
  "pt-PT"     : "Português (Portugal)",
  "ro-RO"     : "Română",
  "ru-RU"     : "Русский",
  "sw-ZA"     : "Kiswahili",
  "ta-IN"     : "தமிழ்",
  "th-TH"     : "ไทย",
  "tr-TR"     : "Türkçe",
  "ur-PK"     : "اردو",
  "vi-VN"     : "Tiếng Việt",
  "xh-ZA"     : "isiXhosa",
  "zh-CN"     : "中文 (简体)",
  "zu-ZA"     : "isiZulu"
}
