[{"$i":"search-or-enter-address","placeholder":"بحث عن عنوان أو إدخاله"},{"$i":"delete-title","$v":["حذف ",{"t":"idOrVar","v":"name"}]},{"$i":"delete-body","$v":["سيتم حذف ",{"t":"idOrVar","v":"name"}," وجميع بياناته."]},{"$i":"delete","$v":"حذف"},{"$i":"cancel","$v":"ألغِ"},{"$i":"apps","$v":"التطبيقات"},{"$i":"menu","$v":"القائمة"},{"$i":"notifications","$v":"تنبيهات"},{"$i":"speed-dial","$v":"اتصال سريع"},{"$i":"select","$v":"تحديد"},{"$i":"move","$v":"نقل"},{"$i":"ok","$v":"موافق"},{"$i":"set","$v":"ضبط"},{"$i":"edit","$v":"حرّر"},{"$i":"call","$v":"اتصال"},{"$i":"message","$v":"رسالة"},{"$i":"options","$v":"الخيارات"},{"$i":"assign","$v":"تعيين"},{"$i":"remove","$v":"إزالة"},{"$i":"replace","$v":"استبدال"},{"$i":"more","$v":"المزيد"},{"$i":"settings","$v":"الإعدادات"},{"$i":"contacts","$v":"جهات الاتصال"},{"$i":"list-view","$v":"عرض القائمة"},{"$i":"grid-view","$v":"عرض الشبكة"},{"$i":"single-view","$v":"طريقة عرض مفردة"},{"$i":"skip","$v":"تخطّي"},{"$i":"shortcuts","$v":"الاختصارات"},{"$i":"next","$v":"التالي"},{"$i":"voicemail","$v":"بريد صوتي"},{"$i":"speed-dial-not-empty","ariaLabel":[{"t":"idOrVar","v":"order"},"، ",{"t":"idOrVar","v":"name"}]},{"$i":"speed-dial-empty","ariaLabel":[{"t":"idOrVar","v":"order"},"، فارغ"]},{"$i":"remove-speed-dial","$v":["هل تريد بالتأكيد إزالة ",{"t":"idOrVar","v":"name"}," من الاتصال السريع؟"]},{"$i":"replace-speed-dial","$v":["هل تريد بالتأكيد استبدال ",{"t":"idOrVar","v":"name"}," بـ ",{"t":"idOrVar","v":"subName"}," ؟"]},{"$i":"assign-speed-dial","$v":["لم تتم إضافة جهة الاتصال كاتصال سريع على الزر ",{"t":"idOrVar","v":"n"},". تعيين الآن؟"]},{"$i":"assign-voicemail","$v":"لم يتم تعيين رقم البريد الصوتي."},{"$i":"alert-for-contacts-without-number","$v":"لا تتوفر جهات اتصال مع رقم هاتف."},{"$i":"option-remove","$v":"إزالة من الاتصال السريع"},{"$i":"option-replace","$v":"استبدال"},{"$i":"all-apps","$v":"كل التطبيقات"},{"$i":"uninstall","$v":"إلغاء التثبيت"},{"$i":"confirm-to-uninstall-app","$v":["إزالة تثبيت تطبيق ",{"t":"idOrVar","v":"appName"},"؟"]},{"$i":"confirm-to-unpin-bookmark","$v":"إزالة تثبيت الموقع؟"},{"$i":"unpin","$v":"إلغاء التثبيت"},{"$i":"rename","$v":"إعادة تسمية"},{"$i":"add-to-existing-contact","$v":"إضافة إلى جهة اتصال موجودة"},{"$i":"create-new-contact","$v":"إنشاء جهة اتصال جديدة"},{"$i":"sending","$v":"جارٍ الإرسال..."},{"$i":"video-call","$v":"مكالمة فيديو"},{"$i":"callAirplaneModeTitle","$v":"وضع الطيران مُفعّل"},{"$i":"callAirplaneModeMessage","$v":"لإجراء مكالمة، قم بإلغاء وضع الطيران من الاعدادات."},{"$i":"emergencyDialogTitle","$v":"لا يوجد اتصال بالشبكة"},{"$i":"emergencyDialogBodyBadNumber","$v":"للإتصال يجب أن يكون الجوال مُتصل بشبكة."},{"$i":"emergencyDialogBodyDeviceNotAccepted","$v":"مكالمات الطوارئ غير مسموحة من الشبكة."},{"$i":"invalidNumberToDialTitle","$v":"رقم هاتف غير صحيح"},{"$i":"invalidNumberToDialMessage","$v":"رقم الهاتف الذي تحاول الاتصال به غير صحيح"},{"$i":"emergency-call-only","$v":"مكالمات الطوارئ فقط"},{"$i":"emergency-call-error","$v":[{"t":"idOrVar","v":"number"}," ليس رقم طوارئ."]},{"$i":"numberIsBusyTitle","$v":"الرقم مشغول"},{"$i":"numberIsBusyMessage","$v":"الرقم مشغول حاليا. يرجى المحاولة مرة أخرى في وقت لاحق."},{"$i":"fdnIsActiveTitle","$v":"FDN نشطة"},{"$i":"fdnIsActiveMessage","$v":["تم تنشيط FDN (أرقام الطلب الثابت) والرقم التالي غير موجود في قائمة FDN الخاصة بك: ",{"t":"idOrVar","v":"number"}]},{"$i":"otherConnectionInUseTitle","$v":"وسيلة اتصال اخرى قيد الاستخدام"},{"$i":"otherConnectionInUseMessage","$v":"لديك مكالمة نشطة على اتصال آخر. يمكنك فقط استخدام اتصال واحد في كل مرة."},{"$i":"GenericFailure","$v":"فشل عام"},{"$i":"CallFailed","$v":"فشل الاتصال"},{"$i":"scCallBarring","$v":"حظر المكالمات"},{"$i":"scCallForwarding","$v":"إعادة توجيه المكالمات"},{"$i":"scClip","$v":"مُعرّف المتصل الوارد"},{"$i":"scClir","$v":"مُعرّف المتصل الصادر"},{"$i":"scPwd","$v":"تغيير كلمة المرور"},{"$i":"scCallWaiting","$v":"انتظار المكالمات"},{"$i":"scPin","$v":"تغيير رمز PIN"},{"$i":"scPin2","$v":"تغيير PIN2"},{"$i":"scPuk","$v":"إلغاء حظر رمز PIN"},{"$i":"scPuk2","$v":"إلغاء حظر رمز PIN2"},{"$i":"scImei","$v":"IMEI"},{"$i":"scMeid","$v":"MEID"},{"$i":"scUssd","$v":"USSD"},{"$i":"deviceIsUnlocked","$v":"تم إلغاء قفل الجهاز"},{"$i":"simUnlockCodeAccepted","$v":"تم قبول رمز إلغاء قفل بطاقة SIM"},{"$i":"simUnlockCodeFailed","$v":"فشل إلغاء قفل بطاقة SIM"},{"$i":"personal","$v":"شخصي"},{"$i":"mobile","$v":"الهاتف المحمول"},{"$i":"home","$v":"المنزل"},{"$i":"work","$v":"العمل"},{"$i":"fax-home","$v":"فاكس المنزل"},{"$i":"fax-office","$v":"فاكس المكتب"},{"$i":"fax-other","$v":"فاكس آخر"},{"$i":"homescreen-settings","$v":"إعدادات الشاشة الرئيسية"},{"$i":"change-wallpaper","$v":"تغيير الخلفية"},{"$i":"add-smart-collections","$v":"إضافة مجموعات ذكية"},{"$i":"edit-mode","$v":"حرّر"},{"$i":"edit-done","$v":"تم"},{"$i":"tutorial-for-side-menu-1","$v":"اضغط على المفتاح \"الأيسر\" للوصول إلى التطبيقات على اليمين."},{"$i":"tutorial-for-instant-settings-1","$v":"اضغط على المفتاح \"العلوي\" للإعدادات شائعة الاستخدام."},{"$i":"tutorial-for-notices","$v":"اضغط مفتاح RIGHT (يمين) لعرض الإشعارات الجديدة."},{"$i":"tutorial-for-google-assistant-1","$v":["اضغط مع الاستمرار على ",{"t":"idOrVar","v":"microphone"}," للتحدث."]},{"$i":"tutorial-for-voice-input-1","$v":["اضغط مطولًا على ",{"t":"idOrVar","v":"microphone"}," للتحدث في حقل النص."]},{"$i":"stop-download-title","$v":["إيقاف ",{"t":"idOrVar","v":"name"}]},{"$i":"stop-download-body","$v":"هل تريد إيقاف التنزيل قيد التقدم؟"},{"$i":"stop-download-action","$v":"إيقاف"},{"$i":"resume-download-title","$v":"إعادة تشغيل التنزيل"},{"$i":"resume-download-body","$v":["هل ترغب في تنزيل ",{"t":"idOrVar","v":"name"},"؟"]},{"$i":"resume-download-action","$v":"تنزيل"},{"$i":"edit-group-header","$v":"تحرير المجموعة"},{"$i":"tcl-wallpaper-changed","$v":"تم تغيير الخلفية"},{"$i":"gaia-shortcut-app-updated","$v":"تم تحديث التطبيق"},{"$i":"clocks-updated","$v":"تم تحديث الساعات"},{"$i":"longDateFormat","$v":"%A, %B %e"},{"$i":"app-title","$v":"تطبيقاتي"},{"$i":"app-uninstall","$v":["تم إلغاء تثبيت ",{"t":"idOrVar","v":"name"}]},{"$i":"confirmation","$v":"تأكيد"},{"$i":"clockDateFormat","$v":"%a, %e %b"},{"$i":"sim-with-index-and-carrier","$v":["SIM ",{"t":"idOrVar","v":"index"}," - ",{"t":"idOrVar","v":"carrier"}]},{"$i":"sim-without-carrier","$v":["SIM ",{"t":"idOrVar","v":"index"}]},{"$i":"call-forwarding-async","$v":["غير متزامن: ",{"t":"idOrVar","v":"async"}]},{"$i":"call-forwarding-data","$v":["معلومات: ",{"t":"idOrVar","v":"data"}]},{"$i":"call-forwarding-error","$v":"حدث خطأ عند محاولة الحصول على حالة تحويل المكالمات"},{"$i":"call-forwarding-fax","$v":["فاكس: ",{"t":"idOrVar","v":"fax"}]},{"$i":"call-forwarding-inactive","$v":"غير فعال"},{"$i":"call-forwarding-packet","$v":["حزمة: ",{"t":"idOrVar","v":"packet"}]},{"$i":"call-forwarding-pad","$v":["باد: ",{"t":"idOrVar","v":"pad"}]},{"$i":"call-forwarding-sms","$v":["رسالة قصيرة: ",{"t":"idOrVar","v":"sms"}]},{"$i":"call-forwarding-status","$v":"حالة تحويل المكالمات"},{"$i":"call-forwarding-sync","$v":["متزامن: ",{"t":"idOrVar","v":"sync"}]},{"$i":"call-forwarding-voice","$v":["صوت: ",{"t":"idOrVar","v":"voice"}]},{"$i":"serviceClassVoice","$v":"صوت"},{"$i":"serviceClassData","$v":"بيانات"},{"$i":"serviceClassFax","$v":"فاكس"},{"$i":"serviceClassSms","$v":"رسالة نصية قصيرة (SMS)"},{"$i":"serviceClassDataSync","$v":"مزامنة"},{"$i":"serviceClassDataAsync","$v":"متزامن"},{"$i":"serviceClassPacket","$v":"الحزمة"},{"$i":"serviceClassPad","$v":"PAD"},{"$i":"smServiceEnabled","$v":"تم تفعيل الخدمة"},{"$i":"smServiceDisabled","$v":"تم تعطيل الخدمة"},{"$i":"smServiceRegistered","$v":"تم التسجيل بنجاح"},{"$i":"smServiceErased","$v":"تم المحو بنجاح"},{"$i":"smServiceInterrogated","$v":"تم الطلب بنجاح"},{"$i":"smServiceNotProvisioned","$v":"خدمة غير متوفرة"},{"$i":"smClirPermanent","$v":"لا يمكنك تغيير إعداد معرف المتصل"},{"$i":"smClirDefaultOnNextCallOn","$v":"الإعدادات الافتراضية لإظهار رقم المتصل هي مقيدة. المكالمة التالية: مقيدة"},{"$i":"smClirDefaultOnNextCallOff","$v":"الإعدادات الافتراضية لإظهار رقم المتصل هي مقيدة. المكالمة التالية: غير مقيدة"},{"$i":"smClirDefaultOffNextCallOn","$v":"الإعدادات الافتراضية لإظهار رقم المتصل هي غير مقيدة. المكالمة التالية: مقيدة"},{"$i":"smClirDefaultOffNextCallOff","$v":"الإعدادات الافتراضية لإظهار رقم المتصل هي غيرمقيدة. المكالمة التالية: غير مقيدة"},{"$i":"smServiceEnabledFor","$v":"تم تفعيل الخدمة ل:"},{"$i":"smPinChanged","$v":"تمَّ تغيير PIN بنجاح"},{"$i":"smPinUnblocked","$v":"رفع الحجب عن PIN بنجاح"},{"$i":"smPin2Changed","$v":"تمَّ تغيير PIN2 بنجاح"},{"$i":"smPin2Unblocked","$v":"ُُرُفع الحجب عن PIN2 بنجاح"},{"$i":"ServiceIsEnabled","$v":"الخدمة ممكنة"},{"$i":"ServiceIsDisabled","$v":"الخدمة معطلة"},{"$i":"ServiceIsEnabledFor","$v":"الخدمة ممكنة لـ:"},{"$i":"emMmiError","$v":"مشكلة في الإتصال أو رمز MMI خاطئ"},{"$i":"emMmiErrorPasswordIncorrect","$v":"كلمة سر خاطئة"},{"$i":"emMmiErrorNotSupported","$v":"رمز MMI خاطئ أو غير مدعوم"},{"$i":"emMmiErrorInvalidAction","$v":"إجراء خاطئ."},{"$i":"emMmiErrorInvalidScCode","$v":"رمز خدمة خاطئ"},{"$i":"emMmiErrorBadPuk","$v":"رمز PUK الذي قمت بإدخاله غير صحيح"},{"$i":"emMmiErrorBadPin","$v":"PIN القديم الذي كتبته غير صحيح."},{"$i":"emMmiErrorNeedPuk2","$v":"قم بإدخال رمز PUK2 لفتح الشريحة"},{"$i":"emMmiErrorMismatchPin","$v":"لا يوجد تطابق بين رموز PIN التي أدخلتها"},{"$i":"emMmiErrorInvalidPin","$v":"قم بإدخال رمز PIN مكون من 4 إلى 8 أرقام"},{"$i":"emMmiErrorNeedsPuk","$v":"شريحتك مغلقة برمز PUK"},{"$i":"emMmiErrorEnablePin","$v":"غير ناجح , قم بتفعيل قفل ال SIM/RUIM"},{"$i":"emMmiErrorMmiFdn","$v":"العملية تقتصرعلى أرقام إاتصال ثابتة فقط"},{"$i":"emMmiErrorStkCcUssdDial","$v":"يتم تعديل طلب USSD لطلب DIAL"},{"$i":"emMmiErrorStkCcUssdSs","$v":"طلب USSD تعدل الى طلب SS"},{"$i":"emMmiErrorStkCcUssdUssd","$v":"يتم تعديل طلب USSD لطلب USSD جديد"},{"$i":"emMmiErrorStkCcSsDial","$v":"يتم تعديل الطلب SS لطلب DIAL"},{"$i":"emMmiErrorStkCcSsUssd","$v":"يتم تعديل الطلب SS لطلب USSD"},{"$i":"emMmiErrorStkCcSsSs","$v":"طلب SS تعدل الى طلب SS جديد"},{"$i":"emMmiErrorPinPukAttempts","$v":{"few":"تبقت محاولتين اثنتين","many":"تبقت محاولتين اثنتين","one":"بقيت محاولة واحدة فقط","other":"تبقت محاولتين اثنتين","two":"تبقت محاولتين اثنتين"},"$x":[{"t":"idOrVar","v":"plural"},"n"]},{"$i":"emMmiErrorSimBlocked","$v":"لقد تجاوزت الحد الأقصى من المحولات . حُجِبت الـ SIM"},{"$i":"RadioNotAvailable","$v":"الراديو غير متوفر"},{"$i":"PasswordIncorrect","$v":"كلمة سر غير صحيحة"},{"$i":"SimPin2","$v":"SIM PIN2"},{"$i":"SimPuk2","$v":"SIM PUK2"},{"$i":"RequestNotSupported","$v":"الطلب غير مدعوم"},{"$i":"OpNotAllowedDuringVoiceCall","$v":"العملية غير مسموحة أثناء الإتصال الصوتي"},{"$i":"SmsSendFailRetry","$v":"فشل في إرسال SMS اعدالمحاولة"},{"$i":"SimAbsent","$v":"الشريحة غير موجودة"},{"$i":"SubscriptionNotAvailable","$v":"الإشتراك غير متاح"},{"$i":"ModeNotSupported","$v":"الوضع غير مدعوم"},{"$i":"FdnCheckFailure","$v":"فشل اختيار Fdn"},{"$i":"IllegalSimOrMe","$v":"SIM غير قانونية أو ME"},{"$i":"DialModifiedToUssd","$v":"طلب تعديل USSD"},{"$i":"DialModifiedToSs","$v":"طلب تعديل SS"},{"$i":"DialModifiedToDial","$v":"عدّل الإتصال الهاتفي للإتصال"},{"$i":"UssdModifiedToDial","$v":"تعديل USSD للإتصال"},{"$i":"UssdModifiedToSs","$v":"تعديل USSD إلى SS"},{"$i":"UssdModifiedToUssd","$v":"تعديل USSD إلى USSD"},{"$i":"SsModifiedToDial","$v":"تعديل SS للاتصال"},{"$i":"SsModifiedToUssd","$v":"تعديل SS إلىUSSD"},{"$i":"SsModifiedToSs","$v":"تعديل SS إلى SS"},{"$i":"SubscriptionNotSupported","$v":"الإشتراك غير مدعوم"},{"$i":"InvalidParameter","$v":"معامل غير صالح"},{"$i":"RejectedByRemote","$v":"تم الرفض من طرف الخادم"},{"$i":"GetEmptyUssdPrompt","$v":"تم تلقي رد فارغ."},{"$i":"label","$v":"تسمية"},{"$i":"faxHome","$v":"فاكس المنزل"},{"$i":"faxOffice","$v":"فاكس المكتب"},{"$i":"faxOther","$v":"فاكس آخر"},{"$i":"another","$v":"أخرى"},{"$i":"other","$v":"أخرى"},{"$i":"tcl-customTag","$v":"علامة مخصصة"},{"$i":"customTag","$v":"علامة مخصصة","placeholder":"علامة مخصصة"},{"$i":"current","$v":"الحالي"},{"$i":"itemWithLabel","$v":[{"t":"idOrVar","v":"label"},", ",{"t":"idOrVar","v":"item"}]},{"$i":"weekday-0-long","$v":"السبت"},{"$i":"weekday-1-long","$v":"الإثنين"},{"$i":"weekday-2-long","$v":"الثلاثاء"},{"$i":"weekday-3-long","$v":"الأربعاء"},{"$i":"weekday-4-long","$v":"الخميس"},{"$i":"weekday-5-long","$v":"الجمعة"},{"$i":"weekday-6-long","$v":"الجمعة"},{"$i":"weekday-0-short","$v":"أحد"},{"$i":"weekday-1-short","$v":"إثنين"},{"$i":"weekday-2-short","$v":"ثلاثاء"},{"$i":"weekday-3-short","$v":"أربعاء"},{"$i":"weekday-4-short","$v":"خميس"},{"$i":"weekday-5-short","$v":"جمعة"},{"$i":"weekday-6-short","$v":"سبت"},{"$i":"month-0-long","$v":"يناير"},{"$i":"month-1-long","$v":"فبراير"},{"$i":"month-2-long","$v":"مارس"},{"$i":"month-3-long","$v":"أبريل"},{"$i":"month-4-long","$v":"مايو"},{"$i":"month-5-long","$v":"يونيو"},{"$i":"month-6-long","$v":"يوليو"},{"$i":"month-7-long","$v":"أغسطس"},{"$i":"month-8-long","$v":"سبتمبر"},{"$i":"month-9-long","$v":"أكتوبر"},{"$i":"month-10-long","$v":"نوفمبر"},{"$i":"month-11-long","$v":"ديسمبر"},{"$i":"month-0-genitive","$v":"يناير"},{"$i":"month-1-genitive","$v":"فبراير"},{"$i":"month-2-genitive","$v":"مارس"},{"$i":"month-3-genitive","$v":"أبريل"},{"$i":"month-4-genitive","$v":"مايو"},{"$i":"month-5-genitive","$v":"يونيو"},{"$i":"month-6-genitive","$v":"يوليو"},{"$i":"month-7-genitive","$v":"أغسطس"},{"$i":"month-8-genitive","$v":"سبتمبر"},{"$i":"month-9-genitive","$v":"أكتوبر"},{"$i":"month-10-genitive","$v":"نوفمبر"},{"$i":"month-11-genitive","$v":"ديسمبر"},{"$i":"month-0-short","$v":"يناير"},{"$i":"month-1-short","$v":"فبراير"},{"$i":"month-2-short","$v":"مارس"},{"$i":"month-3-short","$v":"ابريل"},{"$i":"month-4-short","$v":"مايو"},{"$i":"month-5-short","$v":"يونيو"},{"$i":"month-6-short","$v":"يوليو"},{"$i":"month-7-short","$v":"أغسطس"},{"$i":"month-8-short","$v":"سبتمبر"},{"$i":"month-9-short","$v":"أكتوبر"},{"$i":"month-10-short","$v":"نوفمبر"},{"$i":"month-11-short","$v":"ديسمبر"},{"$i":"minutes-ago-long","$v":{"few":["منذ ",{"t":"idOrVar","v":"value"}," دقائق"],"many":["منذ ",{"t":"idOrVar","v":"value"}," دقائق"],"one":"منذ دقيقة","other":["منذ ",{"t":"idOrVar","v":"value"}," دقائق"],"two":["منذ ",{"t":"idOrVar","v":"value"}," دقائق"],"zero":"الآن"},"$x":[{"t":"idOrVar","v":"plural"},"value"]},{"$i":"hours-ago-long","$v":{"few":"منذ ساعتين","many":"منذ ساعتين","one":"قبل ساعة واحدة","other":"منذ ساعتين","two":"منذ ساعتين","zero":"الآن"},"$x":[{"t":"idOrVar","v":"plural"},"value"]},{"$i":"days-ago-long","$v":{"few":"قبل يومين","many":"قبل يومين","one":"الأمس","other":"قبل يومين","two":"قبل يومين","zero":"اليوم"},"$x":[{"t":"idOrVar","v":"plural"},"value"]},{"$i":"weeks-ago-long","$v":{"few":["منذ ",{"t":"idOrVar","v":"value"}," أسابيع"],"many":["منذ ",{"t":"idOrVar","v":"value"}," أسابيع"],"one":"الأسبوع الماضي","other":["منذ ",{"t":"idOrVar","v":"value"}," أسابيع"],"two":["منذ ",{"t":"idOrVar","v":"value"}," أسابيع"],"zero":"هذا الأسبوع"},"$x":[{"t":"idOrVar","v":"plural"},"value"]},{"$i":"months-ago-long","$v":{"few":["منذ ",{"t":"idOrVar","v":"value"}," أشهر"],"many":["منذ ",{"t":"idOrVar","v":"value"}," أشهر"],"one":"الشهر الماضي","other":["منذ ",{"t":"idOrVar","v":"value"}," أشهر"],"two":["منذ ",{"t":"idOrVar","v":"value"}," أشهر"],"zero":"هذا الشهر"},"$x":[{"t":"idOrVar","v":"plural"},"value"]},{"$i":"years-ago-long","$v":{"few":"منذ سنتين","many":"منذ سنتين","one":"السنة الماضية","other":"منذ سنتين","two":"منذ سنتين","zero":"هذه السنة"},"$x":[{"t":"idOrVar","v":"plural"},"value"]},{"$i":"minutes-until-long","$v":{"few":"خلال دقيقتين","many":"خلال دقيقتين","one":"خلال دقيقة","other":"خلال دقيقتين","two":"خلال دقيقتين","zero":"الآن"},"$x":[{"t":"idOrVar","v":"plural"},"value"]},{"$i":"hours-until-long","$v":{"few":"خلال ساعتين","many":"خلال ساعتين","one":"خلال ساعة","other":"خلال ساعتين","two":"خلال ساعتين","zero":"الآن"},"$x":[{"t":"idOrVar","v":"plural"},"value"]},{"$i":"days-until-long","$v":{"few":"خلال يومين","many":"خلال يومين","one":"غداً","other":"خلال يومين","two":"خلال يومين","zero":"اليوم"},"$x":[{"t":"idOrVar","v":"plural"},"value"]},{"$i":"weeks-until-long","$v":{"few":"خلال اسبوعين","many":"خلال اسبوعين","one":"الأسبوع القادم","other":"خلال اسبوعين","two":"خلال اسبوعين","zero":"هذا الأسبوع"},"$x":[{"t":"idOrVar","v":"plural"},"value"]},{"$i":"months-until-long","$v":{"few":"خلال شهرين","many":"خلال شهرين","one":"الشهر القادم","other":"خلال شهرين","two":"خلال شهرين","zero":"هذا الشهر"},"$x":[{"t":"idOrVar","v":"plural"},"value"]},{"$i":"years-until-long","$v":{"few":"خلال سنتين","many":"خلال سنتين","one":"السنة القادمة","other":"خلال سنتين","two":"خلال سنتين","zero":"هذه السنة"},"$x":[{"t":"idOrVar","v":"plural"},"value"]},{"$i":"minutes-ago-short","$v":{"other":["منذ ",{"t":"idOrVar","v":"value"}," دقيقة"],"zero":"الآن"},"$x":[{"t":"idOrVar","v":"plural"},"value"]},{"$i":"hours-ago-short","$v":{"other":["منذ ",{"t":"idOrVar","v":"value"}," س"],"zero":"الآن"},"$x":[{"t":"idOrVar","v":"plural"},"value"]},{"$i":"days-ago-short","$v":{"other":["منذ ",{"t":"idOrVar","v":"value"}," ي"],"zero":"اليوم"},"$x":[{"t":"idOrVar","v":"plural"},"value"]},{"$i":"minutes-until-short","$v":{"other":["خلال ",{"t":"idOrVar","v":"value"}," د"],"zero":"الآن"},"$x":[{"t":"idOrVar","v":"plural"},"value"]},{"$i":"hours-until-short","$v":{"other":["خلال ",{"t":"idOrVar","v":"value"}," س"],"zero":"الآن"},"$x":[{"t":"idOrVar","v":"plural"},"value"]},{"$i":"days-until-short","$v":{"other":["خلال ",{"t":"idOrVar","v":"value"}," ي"],"zero":"اليوم"},"$x":[{"t":"idOrVar","v":"plural"},"value"]},{"$i":"incorrectDate","$v":"(تاريخ غير صحيح)"},{"$i":"dateTimeFormat_%c","$v":"%a %e %b %Y %I:%M:%S %p"},{"$i":"dateTimeFormat_%x","$v":"%Y/%m/%d"},{"$i":"dateTimeFormat_%X","$v":"%I:%M:%S %p"},{"$i":"shortTimeFormat","$v":"%I:%M %p"},{"$i":"shortTimeFormat12","$v":"%I:%M %p"},{"$i":"shortTimeFormat24","$v":"%H:%M"},{"$i":"shortDateTimeFormat","$v":"%x %I:%M %p"},{"$i":"weekStartsOnMonday","$v":"0"},{"$i":"firstDayOfTheWeek","$v":"0"},{"$i":"time_am","$v":"ص"},{"$i":"time_pm","$v":"م"}]