[{"$i":"search-or-enter-address","placeholder":"Busque o introduzca una dirección"},{"$i":"delete-title","$v":["Eliminar ",{"t":"idOrVar","v":"name"}]},{"$i":"delete-body","$v":[{"t":"idOrVar","v":"name"}," y todos sus datos se eliminarán."]},{"$i":"delete","$v":"Eliminar"},{"$i":"cancel","$v":"Cancelar"},{"$i":"apps","$v":"Aplicaciones"},{"$i":"menu","$v":"Menú"},{"$i":"notifications","$v":"Avisos"},{"$i":"speed-dial","$v":"Marcación rápida"},{"$i":"select","$v":"Seleccionar"},{"$i":"move","$v":"Mover"},{"$i":"ok","$v":"Aceptar"},{"$i":"set","$v":"Definir"},{"$i":"edit","$v":"Editar"},{"$i":"call","$v":"Llamar"},{"$i":"message","$v":"Mensaje"},{"$i":"options","$v":"Opciones"},{"$i":"assign","$v":"Asignar"},{"$i":"remove","$v":"Eliminar"},{"$i":"replace","$v":"Reemplazar"},{"$i":"more","$v":"Más"},{"$i":"settings","$v":"Ajustes"},{"$i":"contacts","$v":"Contactos"},{"$i":"list-view","$v":"Vista de lista"},{"$i":"grid-view","$v":"Vista de cuadrícula"},{"$i":"single-view","$v":"Vista única"},{"$i":"skip","$v":"Omitir"},{"$i":"shortcuts","$v":"Accesos directos"},{"$i":"next","$v":"Press UP key for commonly used settings"},{"$i":"voicemail","$v":"Buzón de voz"},{"$i":"speed-dial-not-empty","ariaLabel":[{"t":"idOrVar","v":"order"},", ",{"t":"idOrVar","v":"name"}]},{"$i":"speed-dial-empty","ariaLabel":[{"t":"idOrVar","v":"order"},", vacío"]},{"$i":"remove-speed-dial","$v":["¿Seguro que desea eliminar a ",{"t":"idOrVar","v":"name"}," de la marcación rápida?"]},{"$i":"replace-speed-dial","$v":["¿Seguro que desea reemplazar a ",{"t":"idOrVar","v":"name"}," por ",{"t":"idOrVar","v":"subName"},"?"]},{"$i":"assign-speed-dial","$v":["El contacto no se ha añadido como marcación rápida en el botón ",{"t":"idOrVar","v":"n"},". ¿Desea asignarlo ahora?"]},{"$i":"assign-voicemail","$v":"No se ha establecido el número de buzón de voz."},{"$i":"alert-for-contacts-without-number","$v":"No hay ningún contacto con número de teléfono disponible."},{"$i":"option-remove","$v":"Eliminar de marcación rápida"},{"$i":"option-replace","$v":"Reemplazar"},{"$i":"all-apps","$v":"Todas las aplicaciones"},{"$i":"uninstall","$v":"Desinstalar"},{"$i":"confirm-to-uninstall-app","$v":["¿Desea desinstalar la aplicación ",{"t":"idOrVar","v":"appName"},"?"]},{"$i":"confirm-to-unpin-bookmark","$v":"¿Desanclar el sitio web?"},{"$i":"unpin","$v":"Desanclar"},{"$i":"rename","$v":"Cambiar nombre"},{"$i":"add-to-existing-contact","$v":"Añadir a contacto existente"},{"$i":"create-new-contact","$v":"Crear contacto nuevo"},{"$i":"sending","$v":"Enviando..."},{"$i":"video-call","$v":"Llamada de vídeo"},{"$i":"callAirplaneModeTitle","$v":"Modo vuelo activado"},{"$i":"callAirplaneModeMessage","$v":"Para realizar una llamada, debe desactivar el modo vuelo en los ajustes."},{"$i":"emergencyDialogTitle","$v":"Sin conexión de red"},{"$i":"emergencyDialogBodyBadNumber","$v":"Para realizar una llamada, el teléfono debe estar conectado a una red."},{"$i":"emergencyDialogBodyDeviceNotAccepted","$v":"La red no permite llamadas de emergencia."},{"$i":"invalidNumberToDialTitle","$v":"Número de teléfono no válido"},{"$i":"invalidNumberToDialMessage","$v":"El número de teléfono al que está llamando no es válido."},{"$i":"emergency-call-only","$v":"Solo llamadas de emergencia"},{"$i":"emergency-call-error","$v":[{"t":"idOrVar","v":"number"}," no es un número de emergencia."]},{"$i":"numberIsBusyTitle","$v":"El número está ocupado"},{"$i":"numberIsBusyMessage","$v":"El número está ocupado. Vuelva a intentarlo más tarde."},{"$i":"fdnIsActiveTitle","$v":"Números de marcación fija activos"},{"$i":"fdnIsActiveMessage","$v":["Los números de marcación fija están activados y el número siguiente no se encuentra en la lista de dichos números: ",{"t":"idOrVar","v":"number"}]},{"$i":"otherConnectionInUseTitle","$v":"Hay otra conexión en uso"},{"$i":"otherConnectionInUseMessage","$v":"Tiene una llamada activa en otra conexión. ¿Solo puede utilizar una conexión a la vez."},{"$i":"GenericFailure","$v":"Error genérico"},{"$i":"CallFailed","$v":"Error en la llamada"},{"$i":"scCallBarring","$v":"Restricción de llamadas"},{"$i":"scCallForwarding","$v":"Desvío de llamadas"},{"$i":"scClip","$v":"ID de llamada entrante"},{"$i":"scClir","$v":"ID de llamada saliente"},{"$i":"scPwd","$v":"Cambio de contraseña"},{"$i":"scCallWaiting","$v":"Llamada en espera"},{"$i":"scPin","$v":"Cambio de PIN"},{"$i":"scPin2","$v":"Cambio de PIN2"},{"$i":"scPuk","$v":"PIN desbloqueado"},{"$i":"scPuk2","$v":"Desbloquear PIN2"},{"$i":"scImei","$v":"IMEI"},{"$i":"scMeid","$v":"MEID"},{"$i":"scUssd","$v":"USSD"},{"$i":"deviceIsUnlocked","$v":"El dispositivo está desbloqueado."},{"$i":"simUnlockCodeAccepted","$v":"Se ha aceptado el código de desbloqueo de la SIM."},{"$i":"simUnlockCodeFailed","$v":"No se ha podido desbloquear la SIM."},{"$i":"personal","$v":"Personal"},{"$i":"mobile","$v":"Móvil"},{"$i":"home","$v":"Particular"},{"$i":"work","$v":"Trabajo"},{"$i":"fax-home","$v":"Fax particular"},{"$i":"fax-office","$v":"Fax del trabajo"},{"$i":"fax-other","$v":"Otro fax"},{"$i":"homescreen-settings","$v":"Ajustes de la pantalla de inicio"},{"$i":"change-wallpaper","$v":"Cambiar fondo de pantalla"},{"$i":"add-smart-collections","$v":"Añadir colecciones existentes"},{"$i":"edit-mode","$v":"Editar"},{"$i":"edit-done","$v":"Hecho"},{"$i":"tutorial-for-side-menu-1","$v":"Pulse la tecla de la izquierda para acceder a las aplicaciones de la izquierda."},{"$i":"tutorial-for-instant-settings-1","$v":"Pulse la tecla hacia arriba para obtener los ajustes utilizados habitualmente."},{"$i":"tutorial-for-notices","$v":"Pulse la tecla derecha para ver las notificaciones nuevas."},{"$i":"tutorial-for-google-assistant-1","$v":["Mantenga pulsado ",{"t":"idOrVar","v":"microphone"}," unos segundos para hablar."]},{"$i":"tutorial-for-voice-input-1","$v":["Mantenga pulsado ",{"t":"idOrVar","v":"microphone"}," unos segundos para introducir texto en el campo mediante la voz."]},{"$i":"stop-download-title","$v":["Detener ",{"t":"idOrVar","v":"name"}]},{"$i":"stop-download-body","$v":"¿Desea detener la descarga en curso?"},{"$i":"stop-download-action","$v":"Detener"},{"$i":"resume-download-title","$v":"Reiniciar descarga"},{"$i":"resume-download-body","$v":["¿Desea descargar ",{"t":"idOrVar","v":"name"},"?"]},{"$i":"resume-download-action","$v":"Descargar"},{"$i":"edit-group-header","$v":"Editar grupo"},{"$i":"tcl-wallpaper-changed","$v":"Se ha cambiado el fondo de pantalla"},{"$i":"gaia-shortcut-app-updated","$v":"Aplicación actualizada"},{"$i":"clocks-updated","$v":"Relojes actualizados"},{"$i":"longDateFormat","$v":"%A, %B %e"},{"$i":"app-title","$v":"Mis aplicaciones"},{"$i":"app-uninstall","$v":[{"t":"idOrVar","v":"name"}," se ha desinstalado"]},{"$i":"confirmation","$v":"Confirmación"},{"$i":"clockDateFormat","$v":"%a, %e %b"},{"$i":"sim-with-index-and-carrier","$v":["SIM ",{"t":"idOrVar","v":"index"}," - ",{"t":"idOrVar","v":"carrier"}]},{"$i":"sim-without-carrier","$v":["SIM ",{"t":"idOrVar","v":"index"}]},{"$i":"call-forwarding-async","$v":["Asíncrono: ",{"t":"idOrVar","v":"async"}]},{"$i":"call-forwarding-data","$v":["Datos: ",{"t":"idOrVar","v":"data"}]},{"$i":"call-forwarding-error","$v":"Error al recuperar el estado de desvío de llamada"},{"$i":"call-forwarding-fax","$v":["FAX: ",{"t":"idOrVar","v":"fax"}]},{"$i":"call-forwarding-inactive","$v":"Inactivo"},{"$i":"call-forwarding-packet","$v":["Paquete: ",{"t":"idOrVar","v":"packet"}]},{"$i":"call-forwarding-pad","$v":["PAD: ",{"t":"idOrVar","v":"pad"}]},{"$i":"call-forwarding-sms","$v":["SMS: ",{"t":"idOrVar","v":"sms"}]},{"$i":"call-forwarding-status","$v":"Estado de desvío de llamada"},{"$i":"call-forwarding-sync","$v":["Síncrono: ",{"t":"idOrVar","v":"sync"}]},{"$i":"call-forwarding-voice","$v":["Voz: ",{"t":"idOrVar","v":"voice"}]},{"$i":"serviceClassVoice","$v":"Voz"},{"$i":"serviceClassData","$v":"Datos"},{"$i":"serviceClassFax","$v":"Fax"},{"$i":"serviceClassSms","$v":"SMS"},{"$i":"serviceClassDataSync","$v":"Sincronizar"},{"$i":"serviceClassDataAsync","$v":"Asíncrono"},{"$i":"serviceClassPacket","$v":"Paquete"},{"$i":"serviceClassPad","$v":"PAD"},{"$i":"smServiceEnabled","$v":"El servicio se ha habilitado."},{"$i":"smServiceDisabled","$v":"El servicio se ha deshabilitado."},{"$i":"smServiceRegistered","$v":"Registro realizado correctamente"},{"$i":"smServiceErased","$v":"Datos borrados correctamente"},{"$i":"smServiceInterrogated","$v":"Solicitud realizada correctamente"},{"$i":"smServiceNotProvisioned","$v":"Servicio no prestado"},{"$i":"smClirPermanent","$v":"No puede cambiar la configuración del ID del emisor."},{"$i":"smClirDefaultOnNextCallOn","$v":"La ID del emisor presenta el valor predeterminado de restringido. Siguiente llamada: Restringido"},{"$i":"smClirDefaultOnNextCallOff","$v":"La ID del emisor presenta el valor predeterminado de restringido. Siguiente llamada: No restringido"},{"$i":"smClirDefaultOffNextCallOn","$v":"La ID del emisor presenta el valor predeterminado de no restringido. Siguiente llamada: Restringido"},{"$i":"smClirDefaultOffNextCallOff","$v":"La ID del emisor presenta el valor predeterminado de no restringido. Siguiente llamada: No restringido"},{"$i":"smServiceEnabledFor","$v":"El servicio se ha habilitado para:"},{"$i":"smPinChanged","$v":"El PIN se ha modificado correctamente"},{"$i":"smPinUnblocked","$v":"El PIN se ha desbloqueado correctamente"},{"$i":"smPin2Changed","$v":"El PIN2 se ha modificado correctamente"},{"$i":"smPin2Unblocked","$v":"El PIN2 se ha desbloqueado correctamente"},{"$i":"ServiceIsEnabled","$v":"El servicio está habilitado"},{"$i":"ServiceIsDisabled","$v":"El servicio está deshabilitado"},{"$i":"ServiceIsEnabledFor","$v":"El servicio esta habilitado para:"},{"$i":"emMmiError","$v":"Problema de conexión ó código MMI no válido"},{"$i":"emMmiErrorPasswordIncorrect","$v":"Contraseña incorrecta"},{"$i":"emMmiErrorNotSupported","$v":"Código MMI no válido o no admitido"},{"$i":"emMmiErrorInvalidAction","$v":"Acción no válida"},{"$i":"emMmiErrorInvalidScCode","$v":"Código de servicio no válido"},{"$i":"emMmiErrorBadPuk","$v":"El código PUK introducido no es correcto."},{"$i":"emMmiErrorBadPin","$v":"El PIN antiguo que ha introducido no es correcto."},{"$i":"emMmiErrorNeedPuk2","$v":"Escriba el PUK2 para desbloquear la tarjeta SIM."},{"$i":"emMmiErrorMismatchPin","$v":"Los PIN introducidos no coinciden"},{"$i":"emMmiErrorInvalidPin","$v":"Introduzca un PIN que tenga de 4 a 8 dígitos"},{"$i":"emMmiErrorNeedsPuk","$v":"La tarjeta SIM está bloqueada por PUK"},{"$i":"emMmiErrorEnablePin","$v":"Error. Active SIM/RUIM LOCK."},{"$i":"emMmiErrorMmiFdn","$v":"La operación solo es válida para números de marcación fija."},{"$i":"emMmiErrorStkCcUssdDial","$v":"Solicitud USSD cambiada por solicitud DIAL"},{"$i":"emMmiErrorStkCcUssdSs","$v":"Solicitud USSD cambiada por solicitud SS"},{"$i":"emMmiErrorStkCcUssdUssd","$v":"Solicitud USSD cambiada por otra solicitud USSD"},{"$i":"emMmiErrorStkCcSsDial","$v":"Solicitud SS cambiada por solicitud DIAL"},{"$i":"emMmiErrorStkCcSsUssd","$v":"Solicitud SS cambiada por solicitud USSD"},{"$i":"emMmiErrorStkCcSsSs","$v":"Solicitud SS cambiada por otra solicitud SS"},{"$i":"emMmiErrorPinPukAttempts","$v":{"few":[{"t":"idOrVar","v":"n"}," intentos restantes"],"many":[{"t":"idOrVar","v":"n"}," intentos restantes"],"one":[{"t":"idOrVar","v":"n"}," intento restante"],"other":[{"t":"idOrVar","v":"n"}," intentos restantes"],"two":[{"t":"idOrVar","v":"n"}," intentos restantes"]},"$x":[{"t":"idOrVar","v":"plural"},"n"]},{"$i":"emMmiErrorSimBlocked","$v":"Se ha sobrepasado el número máximo de intentos. La SIM se ha bloqueado."},{"$i":"RadioNotAvailable","$v":"Radio no disponible"},{"$i":"PasswordIncorrect","$v":"Contraseña incorrecta"},{"$i":"SimPin2","$v":"PIN2 de SIM"},{"$i":"SimPuk2","$v":"PUK2 de SIM"},{"$i":"RequestNotSupported","$v":"Solicitud no admitida"},{"$i":"OpNotAllowedDuringVoiceCall","$v":"Operación no permitida durante una llamada de voz"},{"$i":"SmsSendFailRetry","$v":"Reintento de envío fallido de SMS"},{"$i":"SimAbsent","$v":"SIM ausente"},{"$i":"SubscriptionNotAvailable","$v":"Suscripción no disponible"},{"$i":"ModeNotSupported","$v":"Modo no admitido"},{"$i":"FdnCheckFailure","$v":"Error de comprobación de FDN"},{"$i":"IllegalSimOrMe","$v":"SIM o ME no permitida"},{"$i":"DialModifiedToUssd","$v":"Marcación modificada a USSD"},{"$i":"DialModifiedToSs","$v":"Marcación modificada a SS"},{"$i":"DialModifiedToDial","$v":"Marcación modificada a marcar"},{"$i":"UssdModifiedToDial","$v":"USSD cambiado a llamada"},{"$i":"UssdModifiedToSs","$v":"USSD cambiado a SS"},{"$i":"UssdModifiedToUssd","$v":"USSD cambiado a USSD"},{"$i":"SsModifiedToDial","$v":"SS cambiado a llamada"},{"$i":"SsModifiedToUssd","$v":"SS cambiado a USSD"},{"$i":"SsModifiedToSs","$v":"SS cambiado a SS"},{"$i":"SubscriptionNotSupported","$v":"Suscripción no admitida"},{"$i":"InvalidParameter","$v":"Parámetro no válido"},{"$i":"RejectedByRemote","$v":"Rechazado por remoto"},{"$i":"GetEmptyUssdPrompt","$v":"Se ha recibido una respuesta nula."},{"$i":"label","$v":"Etiqueta"},{"$i":"faxHome","$v":"Fax particular"},{"$i":"faxOffice","$v":"Fax del trabajo"},{"$i":"faxOther","$v":"Otro fax"},{"$i":"another","$v":"Otro"},{"$i":"other","$v":"Otro"},{"$i":"tcl-customTag","$v":"Etiqueta personalizada"},{"$i":"customTag","$v":"Etiqueta personalizada","placeholder":"Etiqueta personalizada"},{"$i":"current","$v":"Actual"},{"$i":"itemWithLabel","$v":[{"t":"idOrVar","v":"label"},", ",{"t":"idOrVar","v":"item"}]},{"$i":"weekday-0-long","$v":"domingo"},{"$i":"weekday-1-long","$v":"lunes"},{"$i":"weekday-2-long","$v":"martes"},{"$i":"weekday-3-long","$v":"miércoles"},{"$i":"weekday-4-long","$v":"jueves"},{"$i":"weekday-5-long","$v":"viernes"},{"$i":"weekday-6-long","$v":"sábado"},{"$i":"weekday-0-short","$v":"dom."},{"$i":"weekday-1-short","$v":"lun."},{"$i":"weekday-2-short","$v":"mar."},{"$i":"weekday-3-short","$v":"mié.  "},{"$i":"weekday-4-short","$v":"jue."},{"$i":"weekday-5-short","$v":"vie."},{"$i":"weekday-6-short","$v":"sáb."},{"$i":"month-0-long","$v":"enero"},{"$i":"month-1-long","$v":"febrero"},{"$i":"month-2-long","$v":"marzo"},{"$i":"month-3-long","$v":"abril"},{"$i":"month-4-long","$v":"mayo"},{"$i":"month-5-long","$v":"junio"},{"$i":"month-6-long","$v":"julio"},{"$i":"month-7-long","$v":"agosto"},{"$i":"month-8-long","$v":"septiembre"},{"$i":"month-9-long","$v":"octubre"},{"$i":"month-10-long","$v":"noviembre"},{"$i":"month-11-long","$v":"diciembre"},{"$i":"month-0-genitive","$v":"enero"},{"$i":"month-1-genitive","$v":"febrero"},{"$i":"month-2-genitive","$v":"marzo"},{"$i":"month-3-genitive","$v":"abril"},{"$i":"month-4-genitive","$v":"mayo"},{"$i":"month-5-genitive","$v":"junio"},{"$i":"month-6-genitive","$v":"julio"},{"$i":"month-7-genitive","$v":"agosto"},{"$i":"month-8-genitive","$v":"septiembre"},{"$i":"month-9-genitive","$v":"octubre"},{"$i":"month-10-genitive","$v":"noviembre"},{"$i":"month-11-genitive","$v":"diciembre"},{"$i":"month-0-short","$v":"ene"},{"$i":"month-1-short","$v":"feb"},{"$i":"month-2-short","$v":"mar"},{"$i":"month-3-short","$v":"abr"},{"$i":"month-4-short","$v":"mayo"},{"$i":"month-5-short","$v":"jun"},{"$i":"month-6-short","$v":"jul"},{"$i":"month-7-short","$v":"ago"},{"$i":"month-8-short","$v":"sep"},{"$i":"month-9-short","$v":"oct"},{"$i":"month-10-short","$v":"nov"},{"$i":"month-11-short","$v":"dic"},{"$i":"minutes-ago-long","$v":{"few":["Hace ",{"t":"idOrVar","v":"value"}," minutos"],"many":["Hace ",{"t":"idOrVar","v":"value"}," minutos"],"one":"Hace un minuto","other":["Hace ",{"t":"idOrVar","v":"value"}," minutos"],"two":["Hace ",{"t":"idOrVar","v":"value"}," minutos"],"zero":"Justo ahora"},"$x":[{"t":"idOrVar","v":"plural"},"value"]},{"$i":"hours-ago-long","$v":{"few":["Hace ",{"t":"idOrVar","v":"value"}," horas"],"many":["Hace ",{"t":"idOrVar","v":"value"}," horas"],"one":"Hace una hora","other":["Hace ",{"t":"idOrVar","v":"value"}," horas"],"two":["Hace ",{"t":"idOrVar","v":"value"}," horas"],"zero":"Justo ahora"},"$x":[{"t":"idOrVar","v":"plural"},"value"]},{"$i":"days-ago-long","$v":{"few":["Hace ",{"t":"idOrVar","v":"value"}," días"],"many":["Hace ",{"t":"idOrVar","v":"value"}," días"],"one":"Ayer","other":["Hace ",{"t":"idOrVar","v":"value"}," días"],"two":["Hace ",{"t":"idOrVar","v":"value"}," días"],"zero":"Hoy"},"$x":[{"t":"idOrVar","v":"plural"},"value"]},{"$i":"weeks-ago-long","$v":{"few":["Hace ",{"t":"idOrVar","v":"value"}," semanas"],"many":["Hace ",{"t":"idOrVar","v":"value"}," semanas"],"one":"La semana pasada","other":["Hace ",{"t":"idOrVar","v":"value"}," semanas"],"two":["Hace ",{"t":"idOrVar","v":"value"}," semanas"],"zero":"Esta semana"},"$x":[{"t":"idOrVar","v":"plural"},"value"]},{"$i":"months-ago-long","$v":{"few":["Hace ",{"t":"idOrVar","v":"value"}," meses"],"many":["Hace ",{"t":"idOrVar","v":"value"}," meses"],"one":"Último mes","other":["Hace ",{"t":"idOrVar","v":"value"}," meses"],"two":["Hace ",{"t":"idOrVar","v":"value"}," meses"],"zero":"Este mes"},"$x":[{"t":"idOrVar","v":"plural"},"value"]},{"$i":"years-ago-long","$v":{"few":["Hace ",{"t":"idOrVar","v":"value"}," años"],"many":["Hace ",{"t":"idOrVar","v":"value"}," años"],"one":"El año pasado","other":["Hace ",{"t":"idOrVar","v":"value"}," años"],"two":["Hace ",{"t":"idOrVar","v":"value"}," años"],"zero":"Este año"},"$x":[{"t":"idOrVar","v":"plural"},"value"]},{"$i":"minutes-until-long","$v":{"few":["Dentro de ",{"t":"idOrVar","v":"value"}," minutos"],"many":["Dentro de ",{"t":"idOrVar","v":"value"}," minutos"],"one":"Dentro de un minuto","other":["Dentro de ",{"t":"idOrVar","v":"value"}," minutos"],"two":["Dentro de ",{"t":"idOrVar","v":"value"}," minutos"],"zero":"ahora"},"$x":[{"t":"idOrVar","v":"plural"},"value"]},{"$i":"hours-until-long","$v":{"few":["Dentro de ",{"t":"idOrVar","v":"value"}," horas"],"many":["Dentro de ",{"t":"idOrVar","v":"value"}," horas"],"one":"Dentro de una hora","other":["Dentro de ",{"t":"idOrVar","v":"value"}," horas"],"two":["Dentro de ",{"t":"idOrVar","v":"value"}," horas"],"zero":"ahora"},"$x":[{"t":"idOrVar","v":"plural"},"value"]},{"$i":"days-until-long","$v":{"few":["Dentro de ",{"t":"idOrVar","v":"value"}," días"],"many":["Dentro de ",{"t":"idOrVar","v":"value"}," días"],"one":"Mañana","other":["Dentro de ",{"t":"idOrVar","v":"value"}," días"],"two":["Dentro de ",{"t":"idOrVar","v":"value"}," días"],"zero":"Hoy"},"$x":[{"t":"idOrVar","v":"plural"},"value"]},{"$i":"weeks-until-long","$v":{"few":["Dentro de ",{"t":"idOrVar","v":"value"}," semanas"],"many":["Dentro de ",{"t":"idOrVar","v":"value"}," semanas"],"one":"La próxima semana","other":["Dentro de ",{"t":"idOrVar","v":"value"}," semanas"],"two":["Dentro de ",{"t":"idOrVar","v":"value"}," semanas"],"zero":"Esta semana"},"$x":[{"t":"idOrVar","v":"plural"},"value"]},{"$i":"months-until-long","$v":{"few":["Dentro de ",{"t":"idOrVar","v":"value"}," meses"],"many":["Dentro de ",{"t":"idOrVar","v":"value"}," meses"],"one":"Mes siguiente","other":["Dentro de ",{"t":"idOrVar","v":"value"}," meses"],"two":["Dentro de ",{"t":"idOrVar","v":"value"}," meses"],"zero":"Este mes"},"$x":[{"t":"idOrVar","v":"plural"},"value"]},{"$i":"years-until-long","$v":{"few":["Dentro de ",{"t":"idOrVar","v":"value"}," años"],"many":["Dentro de ",{"t":"idOrVar","v":"value"}," años"],"one":"El año que viene","other":["Dentro de ",{"t":"idOrVar","v":"value"}," años"],"two":["Dentro de ",{"t":"idOrVar","v":"value"}," años"],"zero":"Este año"},"$x":[{"t":"idOrVar","v":"plural"},"value"]},{"$i":"minutes-ago-short","$v":{"other":["Hace ",{"t":"idOrVar","v":"value"}," m"],"zero":"Justo ahora"},"$x":[{"t":"idOrVar","v":"plural"},"value"]},{"$i":"hours-ago-short","$v":{"other":["Hace ",{"t":"idOrVar","v":"value"}," h"],"zero":"Justo ahora"},"$x":[{"t":"idOrVar","v":"plural"},"value"]},{"$i":"days-ago-short","$v":{"other":["Hace ",{"t":"idOrVar","v":"value"}," d"],"zero":"Hoy"},"$x":[{"t":"idOrVar","v":"plural"},"value"]},{"$i":"minutes-until-short","$v":{"other":["Dentro de ",{"t":"idOrVar","v":"value"}," m"],"zero":"ahora"},"$x":[{"t":"idOrVar","v":"plural"},"value"]},{"$i":"hours-until-short","$v":{"other":["Dentro de ",{"t":"idOrVar","v":"value"}," h"],"zero":"ahora"},"$x":[{"t":"idOrVar","v":"plural"},"value"]},{"$i":"days-until-short","$v":{"other":["Dentro de ",{"t":"idOrVar","v":"value"}," d"],"zero":"Hoy"},"$x":[{"t":"idOrVar","v":"plural"},"value"]},{"$i":"incorrectDate","$v":"(fecha incorrecta)"},{"$i":"dateTimeFormat_%c","$v":"%a %b %e %Y %I:%M:%S %p"},{"$i":"dateTimeFormat_%x","$v":"%d/%m/%Y"},{"$i":"dateTimeFormat_%X","$v":"%I:%M:%S %p"},{"$i":"shortTimeFormat","$v":"%I:%M %p"},{"$i":"shortTimeFormat12","$v":"%I:%M %p"},{"$i":"shortTimeFormat24","$v":"%H:%M"},{"$i":"shortDateTimeFormat","$v":"%x %I:%M %p"},{"$i":"weekStartsOnMonday","$v":"0"},{"$i":"firstDayOfTheWeek","$v":"0"},{"$i":"time_am","$v":"AM"},{"$i":"time_pm","$v":"PM"}]