[{"$i":"search-or-enter-address","placeholder":"جستجو یا وارد کردن آدرس"},{"$i":"delete-title","$v":["حذف ",{"t":"idOrVar","v":"name"}]},{"$i":"delete-body","$v":[{"t":"idOrVar","v":"name"}," و تمام داده های آن حذف خواهد شد."]},{"$i":"delete","$v":"حذف"},{"$i":"cancel","$v":"لغو کردن"},{"$i":"apps","$v":"برنامه ها"},{"$i":"menu","$v":"منو"},{"$i":"notifications","$v":"اعلامیه ها"},{"$i":"speed-dial","$v":"شماره گيری سريع"},{"$i":"select","$v":"انتخاب"},{"$i":"move","$v":"انتقال"},{"$i":"ok","$v":"تأیید"},{"$i":"set","$v":"تنظيم"},{"$i":"edit","$v":"ویرایش"},{"$i":"call","$v":"تماس"},{"$i":"message","$v":"پيام"},{"$i":"options","$v":"گزینه ها"},{"$i":"assign","$v":"اختصاص دادن"},{"$i":"remove","$v":"حذف"},{"$i":"replace","$v":"جایگزینی"},{"$i":"more","$v":"بيشتر"},{"$i":"settings","$v":"تنظیمات"},{"$i":"contacts","$v":"مخاطبین"},{"$i":"list-view","$v":"نمای لیست"},{"$i":"grid-view","$v":"نمای شبکه"},{"$i":"single-view","$v":"نمای تکی"},{"$i":"skip","$v":"رد شدن"},{"$i":"shortcuts","$v":"میانبرها"},{"$i":"next","$v":"بعد"},{"$i":"voicemail","$v":"پست صوتی"},{"$i":"speed-dial-not-empty","ariaLabel":[{"t":"idOrVar","v":"order"},"، ",{"t":"idOrVar","v":"name"}]},{"$i":"speed-dial-empty","ariaLabel":[{"t":"idOrVar","v":"order"},"، خالی"]},{"$i":"remove-speed-dial","$v":["مطمئنيد می خواهيد ",{"t":"idOrVar","v":"name"}," را از شماره گيری سريع حذف کنيد؟"]},{"$i":"replace-speed-dial","$v":["مطمئنید می خواهید ",{"t":"idOrVar","v":"name"}," را با ",{"t":"idOrVar","v":"subName"}," جایگزین کنید؟"]},{"$i":"assign-speed-dial","$v":["مخاطب به عنوان یک شماره گیری سریع بر روی دکمه ",{"t":"idOrVar","v":"n"}," اضافه نشد. اکنون تخصیص داده شود؟"]},{"$i":"assign-voicemail","$v":"شماره پست صوتی تنظیم نشده است."},{"$i":"alert-for-contacts-without-number","$v":"مخاطبی با شماره تلفن وجود ندارد."},{"$i":"option-remove","$v":"حذف از شماره گیری سریع"},{"$i":"option-replace","$v":"جایگزینی"},{"$i":"all-apps","$v":"همه برنامه ها"},{"$i":"uninstall","$v":"حذف"},{"$i":"confirm-to-uninstall-app","$v":["برنامه ",{"t":"idOrVar","v":"appName"}," حذف شود؟"]},{"$i":"confirm-to-unpin-bookmark","$v":"عدم اتصال وب سایت؟"},{"$i":"unpin","$v":"عدم اتصال"},{"$i":"rename","$v":"تغيير نام"},{"$i":"add-to-existing-contact","$v":"افزودن به مخاطب موجود"},{"$i":"create-new-contact","$v":"ایجاد مخاطب جدید"},{"$i":"sending","$v":"در حال ارسال..."},{"$i":"video-call","$v":"تماس ویدیویی"},{"$i":"callAirplaneModeTitle","$v":"حالت هواپیما فعال شد"},{"$i":"callAirplaneModeMessage","$v":"برای برقراری تماس، لازم است حالت هواپیما را از قسمت تنظیمات غیرفعال کنید."},{"$i":"emergencyDialogTitle","$v":"بدون اتصال شبکه"},{"$i":"emergencyDialogBodyBadNumber","$v":"برای برقراری یک تماس، تلفن باید به یک شبکه وصل باشد."},{"$i":"emergencyDialogBodyDeviceNotAccepted","$v":"تماس های اضطراری از طرف شبکه مجاز نیستند."},{"$i":"invalidNumberToDialTitle","$v":"شماره تلفن نامعتبر"},{"$i":"invalidNumberToDialMessage","$v":"شماره تلفنی که با آن تماس می گیرید معتبر نیست."},{"$i":"emergency-call-only","$v":"فقط تماس اضطراری"},{"$i":"emergency-call-error","$v":[{"t":"idOrVar","v":"number"}," یک شماره اضطراری نیست."]},{"$i":"numberIsBusyTitle","$v":"شماره مشغول است"},{"$i":"numberIsBusyMessage","$v":"شماره در حال حاضر مشغول است. لطفاً بعداً دوباره امتحان کنید."},{"$i":"fdnIsActiveTitle","$v":"FDN فعال"},{"$i":"fdnIsActiveMessage","$v":["FDN (شماره های شماره گیری ثابت) فعال شد و شماره زیر در لیست FDN موجود نیست: ",{"t":"idOrVar","v":"number"}]},{"$i":"otherConnectionInUseTitle","$v":"اتصال دیگر در حال استفاده است"},{"$i":"otherConnectionInUseMessage","$v":"یک تماس فعال در اتصال دیگر دارید. هر بار فقط می توانید از یک اتصال استفاده کنید."},{"$i":"GenericFailure","$v":"خطاي عمومي"},{"$i":"CallFailed","$v":"تماس برقرار نشد"},{"$i":"scCallBarring","$v":"انسداد تماس"},{"$i":"scCallForwarding","$v":"ارسال تماس"},{"$i":"scClip","$v":"شناسه تماس گیرنده ورودی"},{"$i":"scClir","$v":"شناسه تماس گیرنده خروجی"},{"$i":"scPwd","$v":"تغییر رمز عبور"},{"$i":"scCallWaiting","$v":"انتظار تماس"},{"$i":"scPin","$v":"تغییر PIN"},{"$i":"scPin2","$v":"تغيير پين 2"},{"$i":"scPuk","$v":"پين غيرمسدود"},{"$i":"scPuk2","$v":"پين 2 غيرمسدود"},{"$i":"scImei","$v":"IMEI"},{"$i":"scMeid","$v":"MEID"},{"$i":"scUssd","$v":"USSD"},{"$i":"deviceIsUnlocked","$v":"قفل دستگاه باز است."},{"$i":"simUnlockCodeAccepted","$v":"کد باز کردن قفل سیم پذیرفته شد"},{"$i":"simUnlockCodeFailed","$v":"باز کردن قفل سيم انجام نشد"},{"$i":"personal","$v":"شخصی"},{"$i":"mobile","$v":"تلفن همراه"},{"$i":"home","$v":"صفحه اصلی"},{"$i":"work","$v":"کار"},{"$i":"fax-home","$v":"فاکس خانه"},{"$i":"fax-office","$v":"فاکس اداره"},{"$i":"fax-other","$v":"فاکس دیگر"},{"$i":"homescreen-settings","$v":"تنظیمات صفحه اصلی"},{"$i":"change-wallpaper","$v":"تغییر تصویر زمینه"},{"$i":"add-smart-collections","$v":"افزودن مجموعه های هوشمند"},{"$i":"edit-mode","$v":"ویرایش"},{"$i":"edit-done","$v":"انجام شد"},{"$i":"tutorial-for-side-menu-1","$v":"برای دسترسی به برنامه های سمت چپ، کلید LEFT را فشار دهید."},{"$i":"tutorial-for-instant-settings-1","$v":"برای تنظیماتی که معمولاً استفاده می شوند کلید UP را فشار دهید."},{"$i":"tutorial-for-notices","$v":"برای مشاهده یادداشت های جدید، کلید RIGHT را فشار دهید."},{"$i":"tutorial-for-google-assistant-1","$v":["برای صحبت روی ",{"t":"idOrVar","v":"microphone"}," فشار طولانی دهید."]},{"$i":"tutorial-for-voice-input-1","$v":["برای صحبت در قسمت متن روی ",{"t":"idOrVar","v":"microphone"}," فشار طولانی دهید."]},{"$i":"stop-download-title","$v":["توقف ",{"t":"idOrVar","v":"name"}]},{"$i":"stop-download-body","$v":"می خواهید دانلود در حال انجام را متوقف کنید؟"},{"$i":"stop-download-action","$v":"توقف"},{"$i":"resume-download-title","$v":"راه اندازی دانلود"},{"$i":"resume-download-body","$v":["می خواهید ",{"t":"idOrVar","v":"name"}," را دانلود کنید؟"]},{"$i":"resume-download-action","$v":"دانلود"},{"$i":"edit-group-header","$v":"ویرایش گروه"},{"$i":"tcl-wallpaper-changed","$v":"تصویر زمینه تغییر کرد"},{"$i":"gaia-shortcut-app-updated","$v":"برنامه به روزرسانی شد"},{"$i":"clocks-updated","$v":"ساعت ها به روزرسانی شدند"},{"$i":"longDateFormat","$v":"%A، %B %e"},{"$i":"app-title","$v":"برنامه های من"},{"$i":"app-uninstall","$v":[{"t":"idOrVar","v":"name"}," حذف شد"]},{"$i":"confirmation","$v":"تأييد"},{"$i":"clockDateFormat","$v":"%a, %e %b"},{"$i":"sim-with-index-and-carrier","$v":["SIM ",{"t":"idOrVar","v":"index"}," - ",{"t":"idOrVar","v":"carrier"}]},{"$i":"sim-without-carrier","$v":["SIM ",{"t":"idOrVar","v":"index"}]},{"$i":"call-forwarding-async","$v":["ناهمگام: ",{"t":"idOrVar","v":"async"}]},{"$i":"call-forwarding-data","$v":["داده: ",{"t":"idOrVar","v":"data"}]},{"$i":"call-forwarding-error","$v":"هنگام بازیابی وضعیت ارسال تماس خطایی روی داد"},{"$i":"call-forwarding-fax","$v":["فاکس: ",{"t":"idOrVar","v":"fax"}]},{"$i":"call-forwarding-inactive","$v":"غیرفعال"},{"$i":"call-forwarding-packet","$v":["بسته: ",{"t":"idOrVar","v":"packet"}]},{"$i":"call-forwarding-pad","$v":["PAD: ",{"t":"idOrVar","v":"‏pad"}]},{"$i":"call-forwarding-sms","$v":["SMS: ",{"t":"idOrVar","v":"‏sms"}]},{"$i":"call-forwarding-status","$v":"وضعیت ارسال تماس"},{"$i":"call-forwarding-sync","$v":["همگام: ",{"t":"idOrVar","v":"sync"}]},{"$i":"call-forwarding-voice","$v":["صدا: ",{"t":"idOrVar","v":"voice"}]},{"$i":"serviceClassVoice","$v":"صدا"},{"$i":"serviceClassData","$v":"داده"},{"$i":"serviceClassFax","$v":"فاکس"},{"$i":"serviceClassSms","$v":"SMS"},{"$i":"serviceClassDataSync","$v":"همگام سازی"},{"$i":"serviceClassDataAsync","$v":"غیر همگام سازی"},{"$i":"serviceClassPacket","$v":"بسته"},{"$i":"serviceClassPad","$v":"PAD"},{"$i":"smServiceEnabled","$v":"سرویس فعال شد"},{"$i":"smServiceDisabled","$v":"سرویس غیر فعال شده است"},{"$i":"smServiceRegistered","$v":"محدودیت انجام شد"},{"$i":"smServiceErased","$v":"پاک کردن انجام شد"},{"$i":"smServiceInterrogated","$v":"پاک کردن انجام شد"},{"$i":"smServiceNotProvisioned","$v":"سرویس ارائه نشده است"},{"$i":"smClirPermanent","$v":"شما نمی توانید تنظیم شناسه تماس گیرنده را تغییر دهید"},{"$i":"smClirDefaultOnNextCallOn","$v":"پیش فرض شناسه تماس گیرنده محدود شد. تماس بعدی: محدود"},{"$i":"smClirDefaultOnNextCallOff","$v":"پیش فرض شناسه تماس گیرنده محدود شد. تماس بعدی: آزاد"},{"$i":"smClirDefaultOffNextCallOn","$v":"پیش فرض شناسه تماس گیرنده محدود نشد. تماس بعدی: محدود"},{"$i":"smClirDefaultOffNextCallOff","$v":"پیش فرض شناسه تماس گیرنده محدود نشد. تماس بعدی: آزاد"},{"$i":"smServiceEnabledFor","$v":"سرویس فعال شد برای:"},{"$i":"smPinChanged","$v":"پین تغيير يافت"},{"$i":"smPinUnblocked","$v":"پین غیرمسدود شد"},{"$i":"smPin2Changed","$v":"پین2 تغيير يافت"},{"$i":"smPin2Unblocked","$v":"پین2 غیرمسدود شد"},{"$i":"ServiceIsEnabled","$v":"سرويس فعال است"},{"$i":"ServiceIsDisabled","$v":"سرويس غيرفعال است"},{"$i":"ServiceIsEnabledFor","$v":"سرویس فعال شد برای:"},{"$i":"emMmiError","$v":"در اتصال مشکل وجود دارد یا کد MMI نامعتبر است"},{"$i":"emMmiErrorPasswordIncorrect","$v":"رمز عبور نادرست"},{"$i":"emMmiErrorNotSupported","$v":"کد MMI نامعتبر یا پشتیبانی نشده"},{"$i":"emMmiErrorInvalidAction","$v":"عملکرد نامعتبر"},{"$i":"emMmiErrorInvalidScCode","$v":"کد سرویس نامعتبر"},{"$i":"emMmiErrorBadPuk","$v":"PUK که شما وارد کردید نادرست است"},{"$i":"emMmiErrorBadPin","$v":"پین قدیمی که شما وارد کردید نادرست است."},{"$i":"emMmiErrorNeedPuk2","$v":"برای باز کردن قفل سیم کارت، PUK2 را تایپ کنید"},{"$i":"emMmiErrorMismatchPin","$v":"پین هایی که تایپ کردید با هم مطابقت ندارند"},{"$i":"emMmiErrorInvalidPin","$v":"یک پین شامل 4 تا 8 عدد تایپ کنید"},{"$i":"emMmiErrorNeedsPuk","$v":"سیم کارت با PUK قفل شده است"},{"$i":"emMmiErrorEnablePin","$v":"انجام نشد. قفل سیم کارت/RUIM را فعال کنید"},{"$i":"emMmiErrorMmiFdn","$v":"عملکرد فقط به شماره های شماره گیری ثابت محدود می شود"},{"$i":"emMmiErrorStkCcUssdDial","$v":"درخواست USSD به درخواست DIAL تغيير کرد"},{"$i":"emMmiErrorStkCcUssdSs","$v":"درخواست USSD به درخواست SS تغيير کرد"},{"$i":"emMmiErrorStkCcUssdUssd","$v":"درخواست USSD به درخواست USSD جديد تغيير کرد."},{"$i":"emMmiErrorStkCcSsDial","$v":"درخواست SS به درخواست DIAL تغيير کرد"},{"$i":"emMmiErrorStkCcSsUssd","$v":"درخواست SS به درخواست USSD تغيير کرد"},{"$i":"emMmiErrorStkCcSsSs","$v":"درخواست SS به درخواست SS جديد تغيير کرد"},{"$i":"emMmiErrorPinPukAttempts","$v":{"few":[{"t":"idOrVar","v":"n"}," امتحان مجدد باقی است"],"many":[{"t":"idOrVar","v":"n"}," امتحان مجدد باقی است"],"one":["فقط ",{"t":"idOrVar","v":"n"}," امتحان مجدد باقی است"],"other":[{"t":"idOrVar","v":"n"}," امتحان مجدد باقی است"],"two":[{"t":"idOrVar","v":"n"}," امتحان مجدد باقی است"]},"$x":[{"t":"idOrVar","v":"plural"},"n"]},{"$i":"emMmiErrorSimBlocked","$v":"از حداکثر امتحان مجدد بیشتر شده است. سیم مسدود شد."},{"$i":"RadioNotAvailable","$v":"Radio not available"},{"$i":"PasswordIncorrect","$v":"رمز عبور نادرست است"},{"$i":"SimPin2","$v":"پين2 سیم کارت"},{"$i":"SimPuk2","$v":"PUK2 سیم"},{"$i":"RequestNotSupported","$v":"درخواست پشتیبانی نمی شود"},{"$i":"OpNotAllowedDuringVoiceCall","$v":"عملکرد در طول تماس صوتی مجاز نیست"},{"$i":"SmsSendFailRetry","$v":"SMS ارسال نشد دوباره امتحان کنید"},{"$i":"SimAbsent","$v":"نبود سیم"},{"$i":"SubscriptionNotAvailable","$v":"اشتراک موجود نیست"},{"$i":"ModeNotSupported","$v":"حالت پشتیبانی نمی شود"},{"$i":"FdnCheckFailure","$v":"بررسی Fdn انجام نشد"},{"$i":"IllegalSimOrMe","$v":"ME یا سیم غیرقانونی"},{"$i":"DialModifiedToUssd","$v":"Dial modified to USSD"},{"$i":"DialModifiedToSs","$v":"Dial modified to SS"},{"$i":"DialModifiedToDial","$v":"Dial modified to dial"},{"$i":"UssdModifiedToDial","$v":"USSD به شماره گیری تغییر کرد"},{"$i":"UssdModifiedToSs","$v":"USSD به SS تغییر کرد"},{"$i":"UssdModifiedToUssd","$v":"USSD به USSD تغییر کرد"},{"$i":"SsModifiedToDial","$v":"SS به شماره گیری تغییر کرد"},{"$i":"SsModifiedToUssd","$v":"SS به USSD تغییر کرد"},{"$i":"SsModifiedToSs","$v":"SS به SS تغییر کرد"},{"$i":"SubscriptionNotSupported","$v":"اشتراک پشتیبانی نمی شود"},{"$i":"InvalidParameter","$v":"پارامتر نامعتبر"},{"$i":"RejectedByRemote","$v":"از راه دور رد شد"},{"$i":"GetEmptyUssdPrompt","$v":"پاسخ خالی دریافت شد."},{"$i":"label","$v":"برچسب"},{"$i":"faxHome","$v":"فاکس خانه"},{"$i":"faxOffice","$v":"فاکس اداره"},{"$i":"faxOther","$v":"فاکس دیگر"},{"$i":"another","$v":"دیگر"},{"$i":"other","$v":"مورد دیگر"},{"$i":"tcl-customTag","$v":"برچسب سفارشی"},{"$i":"customTag","$v":"برچسب سفارشی","placeholder":"برچسب سفارشی"},{"$i":"current","$v":"فعلی"},{"$i":"itemWithLabel","$v":[{"t":"idOrVar","v":"label"},"، ",{"t":"idOrVar","v":"item"}]},{"$i":"weekday-0-long","$v":"يكشنبه"},{"$i":"weekday-1-long","$v":"دوشنبه"},{"$i":"weekday-2-long","$v":"سه شنبه"},{"$i":"weekday-3-long","$v":"چهارشنبه"},{"$i":"weekday-4-long","$v":"پنج شنبه"},{"$i":"weekday-5-long","$v":"جمعه"},{"$i":"weekday-6-long","$v":"شنبه"},{"$i":"weekday-0-short","$v":"یکشنبه"},{"$i":"weekday-1-short","$v":"دوشنبه"},{"$i":"weekday-2-short","$v":"سه شنبه"},{"$i":"weekday-3-short","$v":"چهارشنبه"},{"$i":"weekday-4-short","$v":"پنج شنبه"},{"$i":"weekday-5-short","$v":"جمعه"},{"$i":"weekday-6-short","$v":"شنبه"},{"$i":"month-0-long","$v":"ژانویه"},{"$i":"month-1-long","$v":"فوریه"},{"$i":"month-2-long","$v":"مارس"},{"$i":"month-3-long","$v":"آوریل"},{"$i":"month-4-long","$v":"مه"},{"$i":"month-5-long","$v":"ژوئن"},{"$i":"month-6-long","$v":"ژوئیه"},{"$i":"month-7-long","$v":"اوت"},{"$i":"month-8-long","$v":"سپتامبر"},{"$i":"month-9-long","$v":"اکتبر"},{"$i":"month-10-long","$v":"نوامبر"},{"$i":"month-11-long","$v":"دسامبر"},{"$i":"month-0-genitive","$v":"ژانویه"},{"$i":"month-1-genitive","$v":"فوریه"},{"$i":"month-2-genitive","$v":"مارس"},{"$i":"month-3-genitive","$v":"آوریل"},{"$i":"month-4-genitive","$v":"مه"},{"$i":"month-5-genitive","$v":"ژوئن"},{"$i":"month-6-genitive","$v":"ژوئیه"},{"$i":"month-7-genitive","$v":"اوت"},{"$i":"month-8-genitive","$v":"سپتامبر"},{"$i":"month-9-genitive","$v":"اکتبر"},{"$i":"month-10-genitive","$v":"نوامبر"},{"$i":"month-11-genitive","$v":"دسامبر"},{"$i":"month-0-short","$v":"ژانويه"},{"$i":"month-1-short","$v":"فوريه"},{"$i":"month-2-short","$v":"مارس"},{"$i":"month-3-short","$v":"آوريل"},{"$i":"month-4-short","$v":"مه"},{"$i":"month-5-short","$v":"ژوئن"},{"$i":"month-6-short","$v":"ژوئيه"},{"$i":"month-7-short","$v":"اوت"},{"$i":"month-8-short","$v":"سپتامبر"},{"$i":"month-9-short","$v":"اكتبر"},{"$i":"month-10-short","$v":"نوامبر"},{"$i":"month-11-short","$v":"دسامبر"},{"$i":"minutes-ago-long","$v":{"few":[{"t":"idOrVar","v":"value"}," دقیقه قبل"],"many":[{"t":"idOrVar","v":"value"}," دقیقه قبل"],"one":"یک دقيقه قبل","other":[{"t":"idOrVar","v":"value"}," دقیقه قبل"],"two":[{"t":"idOrVar","v":"value"}," دقیقه قبل"],"zero":"درست اکنون"},"$x":[{"t":"idOrVar","v":"plural"},"value"]},{"$i":"hours-ago-long","$v":{"few":[{"t":"idOrVar","v":"value"}," ساعت قبل"],"many":[{"t":"idOrVar","v":"value"}," ساعت قبل"],"one":"یک ساعت قبل","other":[{"t":"idOrVar","v":"value"}," ساعت قبل"],"two":[{"t":"idOrVar","v":"value"}," ساعت قبل"],"zero":"درست اکنون"},"$x":[{"t":"idOrVar","v":"plural"},"value"]},{"$i":"days-ago-long","$v":{"few":[{"t":"idOrVar","v":"value"}," روز قبل"],"many":[{"t":"idOrVar","v":"value"}," روز قبل"],"one":"دیروز","other":[{"t":"idOrVar","v":"value"}," روز قبل"],"two":[{"t":"idOrVar","v":"value"}," روز قبل"],"zero":"امروز"},"$x":[{"t":"idOrVar","v":"plural"},"value"]},{"$i":"weeks-ago-long","$v":{"few":[{"t":"idOrVar","v":"value"}," هفته قبل"],"many":[{"t":"idOrVar","v":"value"}," هفته قبل"],"one":"هفته قبل","other":[{"t":"idOrVar","v":"value"}," هفته قبل"],"two":[{"t":"idOrVar","v":"value"}," هفته قبل"],"zero":"این هفته"},"$x":[{"t":"idOrVar","v":"plural"},"value"]},{"$i":"months-ago-long","$v":{"few":[{"t":"idOrVar","v":"value"}," ماه قبل"],"many":[{"t":"idOrVar","v":"value"}," ماه قبل"],"one":"ماه قبل","other":[{"t":"idOrVar","v":"value"}," ماه قبل"],"two":[{"t":"idOrVar","v":"value"}," ماه قبل"],"zero":"این ماه"},"$x":[{"t":"idOrVar","v":"plural"},"value"]},{"$i":"years-ago-long","$v":{"few":[{"t":"idOrVar","v":"value"}," سال قبل"],"many":[{"t":"idOrVar","v":"value"}," سال قبل"],"one":"سال قبل","other":[{"t":"idOrVar","v":"value"}," سال قبل"],"two":[{"t":"idOrVar","v":"value"}," سال قبل"],"zero":"امسال"},"$x":[{"t":"idOrVar","v":"plural"},"value"]},{"$i":"minutes-until-long","$v":{"few":"در {value}} دقیقه","many":"در {value}} دقیقه","one":"در یک دقیقه","other":"در {value}} دقیقه","two":"در {value}} دقیقه","zero":"اکنون"},"$x":[{"t":"idOrVar","v":"plural"},"value"]},{"$i":"hours-until-long","$v":{"few":"در {value}} ساعت","many":"در {value}} ساعت","one":"در یک ساعت","other":"در {value}} ساعت","two":"در {value}} ساعت","zero":"اکنون"},"$x":[{"t":"idOrVar","v":"plural"},"value"]},{"$i":"days-until-long","$v":{"few":["در ",{"t":"idOrVar","v":"value"}," روز"],"many":["در ",{"t":"idOrVar","v":"value"}," روز"],"one":"فردا","other":["در ",{"t":"idOrVar","v":"value"}," روز"],"two":["در ",{"t":"idOrVar","v":"value"}," روز"],"zero":"امروز"},"$x":[{"t":"idOrVar","v":"plural"},"value"]},{"$i":"weeks-until-long","$v":{"few":["در ",{"t":"idOrVar","v":"value"}," هفته"],"many":["در ",{"t":"idOrVar","v":"value"}," هفته"],"one":"هفته بعد","other":["در ",{"t":"idOrVar","v":"value"}," هفته"],"two":["در ",{"t":"idOrVar","v":"value"}," هفته"],"zero":"این هفته"},"$x":[{"t":"idOrVar","v":"plural"},"value"]},{"$i":"months-until-long","$v":{"few":["در ",{"t":"idOrVar","v":"value"}," ماه"],"many":["در ",{"t":"idOrVar","v":"value"}," ماه"],"one":"ماه بعد","other":["در ",{"t":"idOrVar","v":"value"}," ماه"],"two":["در ",{"t":"idOrVar","v":"value"}," ماه"],"zero":"این ماه"},"$x":[{"t":"idOrVar","v":"plural"},"value"]},{"$i":"years-until-long","$v":{"few":["در ",{"t":"idOrVar","v":"value"}," سال"],"many":["در ",{"t":"idOrVar","v":"value"}," سال"],"one":"سال بعد","other":["در ",{"t":"idOrVar","v":"value"}," سال"],"two":["در ",{"t":"idOrVar","v":"value"}," سال"],"zero":"امسال"},"$x":[{"t":"idOrVar","v":"plural"},"value"]},{"$i":"minutes-ago-short","$v":{"other":[{"t":"idOrVar","v":"value"},"دقیقه قبل"],"zero":"درست اکنون"},"$x":[{"t":"idOrVar","v":"plural"},"value"]},{"$i":"hours-ago-short","$v":{"other":[{"t":"idOrVar","v":"value"}," ساعت قبل"],"zero":"درست اکنون"},"$x":[{"t":"idOrVar","v":"plural"},"value"]},{"$i":"days-ago-short","$v":{"other":[{"t":"idOrVar","v":"value"}," روز قبل"],"zero":"امروز"},"$x":[{"t":"idOrVar","v":"plural"},"value"]},{"$i":"minutes-until-short","$v":{"other":"در {value}} دقیقه","zero":"اکنون"},"$x":[{"t":"idOrVar","v":"plural"},"value"]},{"$i":"hours-until-short","$v":{"other":"در {value}} ساعت","zero":"اکنون"},"$x":[{"t":"idOrVar","v":"plural"},"value"]},{"$i":"days-until-short","$v":{"other":"در {value}} روز","zero":"امروز"},"$x":[{"t":"idOrVar","v":"plural"},"value"]},{"$i":"incorrectDate","$v":"(تاریخ نادرست)"},{"$i":"dateTimeFormat_%c","$v":"%a %b %e %Y %I:%M:%S %p"},{"$i":"dateTimeFormat_%x","$v":"%m/%d/%Y"},{"$i":"dateTimeFormat_%X","$v":"%I:%M:%S %p"},{"$i":"shortTimeFormat","$v":"%I:%M %p"},{"$i":"shortTimeFormat12","$v":"%I:%M %p"},{"$i":"shortTimeFormat24","$v":"%H:%M"},{"$i":"shortDateTimeFormat","$v":"%x %I:%M %p"},{"$i":"weekStartsOnMonday","$v":"0"},{"$i":"firstDayOfTheWeek","$v":"0"},{"$i":"time_am","$v":"ب.ظ"},{"$i":"time_pm","$v":"ق.ظ"}]