[{"$i":"search-or-enter-address","placeholder":"Rechercher ou saisir l’adresse"},{"$i":"delete-title","$v":["Supprimer ",{"t":"idOrVar","v":"name"}]},{"$i":"delete-body","$v":[{"t":"idOrVar","v":"name"}," et toutes ses données seront supprimées."]},{"$i":"delete","$v":"Supprimer"},{"$i":"cancel","$v":"Annuler"},{"$i":"apps","$v":"Applications"},{"$i":"menu","$v":"Menu"},{"$i":"notifications","$v":"Notificat."},{"$i":"speed-dial","$v":"Numérotation rapide"},{"$i":"select","$v":"Sélectionner"},{"$i":"move","$v":"Déplacer"},{"$i":"ok","$v":"OK"},{"$i":"set","$v":"Définir"},{"$i":"edit","$v":"Modifier"},{"$i":"call","$v":"Appeler"},{"$i":"message","$v":"Message"},{"$i":"options","$v":"Options"},{"$i":"assign","$v":"Affecter"},{"$i":"remove","$v":"Supprimer"},{"$i":"replace","$v":"Remplacer"},{"$i":"more","$v":"Plus"},{"$i":"settings","$v":"Paramètres"},{"$i":"contacts","$v":"Contacts"},{"$i":"list-view","$v":"Affichage en mode liste"},{"$i":"grid-view","$v":"Affichage en mode grille"},{"$i":"single-view","$v":"Affichage simple"},{"$i":"skip","$v":"Passer"},{"$i":"shortcuts","$v":"Raccourcis"},{"$i":"next","$v":"Suivant"},{"$i":"voicemail","$v":"Messagerie vocale"},{"$i":"speed-dial-not-empty","ariaLabel":[{"t":"idOrVar","v":"order"},", ",{"t":"idOrVar","v":"name"}]},{"$i":"speed-dial-empty","ariaLabel":[{"t":"idOrVar","v":"order"},", vide"]},{"$i":"remove-speed-dial","$v":["Souhaitez-vous supprimer ",{"t":"idOrVar","v":"name"}," de la numérotation rapide ?"]},{"$i":"replace-speed-dial","$v":["Souhaitez-vous remplacer ",{"t":"idOrVar","v":"name"}," par ",{"t":"idOrVar","v":"subName"}," ?"]},{"$i":"assign-speed-dial","$v":["Contact non ajouté comme numérotation rapide par la touche ",{"t":"idOrVar","v":"n"},". Affecter ?"]},{"$i":"assign-voicemail","$v":"Le numéro de la messagerie vocale n’a pas été défini."},{"$i":"alert-for-contacts-without-number","$v":"Aucun contact ne possède de numéro de téléphone disponible."},{"$i":"option-remove","$v":"Supprimer de la numérotation rapide"},{"$i":"option-replace","$v":"Remplacer"},{"$i":"all-apps","$v":"Toutes les applications"},{"$i":"uninstall","$v":"Désinstaller"},{"$i":"confirm-to-uninstall-app","$v":["Désinstaller l’application ",{"t":"idOrVar","v":"appName"}," ?"]},{"$i":"confirm-to-unpin-bookmark","$v":"Détacher le site Web ?"},{"$i":"unpin","$v":"Détacher"},{"$i":"rename","$v":"Renommer"},{"$i":"add-to-existing-contact","$v":"Ajouter au contact existant"},{"$i":"create-new-contact","$v":"Créer un contact"},{"$i":"sending","$v":"Envoi en cours…"},{"$i":"video-call","$v":"Appel visio"},{"$i":"callAirplaneModeTitle","$v":"Mode avion activé"},{"$i":"callAirplaneModeMessage","$v":"Afin de passer un appel vous devez désactiver le mode avion dans les paramètres."},{"$i":"emergencyDialogTitle","$v":"Aucune connexion réseau"},{"$i":"emergencyDialogBodyBadNumber","$v":"Afin d’appeler, vous devez d’abord avoir une couverture réseau."},{"$i":"emergencyDialogBodyDeviceNotAccepted","$v":"Appels d’urgence non autorisés par le réseau."},{"$i":"invalidNumberToDialTitle","$v":"Numéro de téléphone non valide"},{"$i":"invalidNumberToDialMessage","$v":"Le numéro de téléphone que vous essayez de joindre n’est pas valide."},{"$i":"emergency-call-only","$v":"Appel d'urgence uniq."},{"$i":"emergency-call-error","$v":[{"t":"idOrVar","v":"number"}," n’est pas un numéro d’urgence."]},{"$i":"numberIsBusyTitle","$v":"Numéro occupé"},{"$i":"numberIsBusyMessage","$v":"Le numéro est actuellement occupé. Veuillez réessayer plus tard."},{"$i":"fdnIsActiveTitle","$v":"Numéros autorisés activés"},{"$i":"fdnIsActiveMessage","$v":["Les numéros autorisés (ou NF pour numéros fixes) sont activés et le numéro suivant ne fait pas partie de votre liste NF : ",{"t":"idOrVar","v":"number"}]},{"$i":"otherConnectionInUseTitle","$v":"Autre ligne active"},{"$i":"otherConnectionInUseMessage","$v":"Un appel est déjà en cours sur une autre ligne. Vous ne pouvez utiliser qu’une ligne à la fois."},{"$i":"GenericFailure","$v":"Échec général"},{"$i":"CallFailed","$v":"Échec de l’appel"},{"$i":"scCallBarring","$v":"Interdiction d’appels"},{"$i":"scCallForwarding","$v":"Transfert d’appel"},{"$i":"scClip","$v":"Numéro de l'appelant (entrant)"},{"$i":"scClir","$v":"Numéro de l'appelant (sortant)"},{"$i":"scPwd","$v":"Modification du mot de passe"},{"$i":"scCallWaiting","$v":"Appel en attente"},{"$i":"scPin","$v":"Changement du code PIN"},{"$i":"scPin2","$v":"Changement du code PIN2"},{"$i":"scPuk","$v":"Code PIN de déblocage"},{"$i":"scPuk2","$v":"Code PIN2 de déblocage"},{"$i":"scImei","$v":"IMEI"},{"$i":"scMeid","$v":"MEID"},{"$i":"scUssd","$v":"USSD"},{"$i":"deviceIsUnlocked","$v":"Appareil déverrouillé"},{"$i":"simUnlockCodeAccepted","$v":"Code de déverrouillage de la carte SIM accepté"},{"$i":"simUnlockCodeFailed","$v":"Échec de déverrouillage de la carte SIM"},{"$i":"personal","$v":"Personnel"},{"$i":"mobile","$v":"Mobile"},{"$i":"home","$v":"Domicile"},{"$i":"work","$v":"Professionnel"},{"$i":"fax-home","$v":"Fax (domicile)"},{"$i":"fax-office","$v":"Fax (bureau)"},{"$i":"fax-other","$v":"Fax (autre)"},{"$i":"homescreen-settings","$v":"Paramètres d’écran d’accueil"},{"$i":"change-wallpaper","$v":"Changer de fond d’écran"},{"$i":"add-smart-collections","$v":"Ajouter des collections intelligentes"},{"$i":"edit-mode","$v":"Modifier"},{"$i":"edit-done","$v":"Terminé"},{"$i":"tutorial-for-side-menu-1","$v":"Appuyer sur la touche GAUCHE pour accéder aux applications de gauche."},{"$i":"tutorial-for-instant-settings-1","$v":"Appuyer sur la touche HAUT pour accéder aux paramètres utilisés couramment."},{"$i":"tutorial-for-notices","$v":"Appuyez sur la touche Droite pour afficher les nouveaux avis."},{"$i":"tutorial-for-google-assistant-1","$v":["Maintenez l’icône ",{"t":"idOrVar","v":"microphone"}," appuyée pour parler."]},{"$i":"tutorial-for-voice-input-1","$v":["Maintenez l’icône ",{"t":"idOrVar","v":"microphone"}," appuyée pour dicter dans le champ de texte."]},{"$i":"stop-download-title","$v":["Arrêter ",{"t":"idOrVar","v":"name"}]},{"$i":"stop-download-body","$v":"Voulez-vous arrêter le téléchargement en cours ?"},{"$i":"stop-download-action","$v":"Arrêter"},{"$i":"resume-download-title","$v":"Redémarrer le téléchargement"},{"$i":"resume-download-body","$v":["Voulez-vous télécharger ",{"t":"idOrVar","v":"name"}," ?"]},{"$i":"resume-download-action","$v":"Télécharger"},{"$i":"edit-group-header","$v":"Modifier le groupe"},{"$i":"tcl-wallpaper-changed","$v":"Fond d’écran changé"},{"$i":"gaia-shortcut-app-updated","$v":"Application mise à jour"},{"$i":"clocks-updated","$v":"Horloges réglées"},{"$i":"longDateFormat","$v":"%A %e %Eb"},{"$i":"app-title","$v":"Mes applications"},{"$i":"app-uninstall","$v":[{"t":"idOrVar","v":"name"}," désinstallé"]},{"$i":"confirmation","$v":"Confirmation"},{"$i":"clockDateFormat","$v":"%a, %e %b"},{"$i":"sim-with-index-and-carrier","$v":["SIM ",{"t":"idOrVar","v":"index"}," - ",{"t":"idOrVar","v":"carrier"}]},{"$i":"sim-without-carrier","$v":["SIM ",{"t":"idOrVar","v":"index"}]},{"$i":"call-forwarding-async","$v":["Asynchrone : ",{"t":"idOrVar","v":"async"}]},{"$i":"call-forwarding-data","$v":["Données : ",{"t":"idOrVar","v":"data"}]},{"$i":"call-forwarding-error","$v":"Une erreur s’est produite lors de la récupération de l’état du transfert d’appel."},{"$i":"call-forwarding-fax","$v":["FAX : ",{"t":"idOrVar","v":"fax"}]},{"$i":"call-forwarding-inactive","$v":"Inactif"},{"$i":"call-forwarding-packet","$v":["Paquets : ",{"t":"idOrVar","v":"packet"}]},{"$i":"call-forwarding-pad","$v":["PAD : ",{"t":"idOrVar","v":"pad"}]},{"$i":"call-forwarding-sms","$v":["SMS : ",{"t":"idOrVar","v":"sms"}]},{"$i":"call-forwarding-status","$v":"État du renvoi d’appels"},{"$i":"call-forwarding-sync","$v":["Synchrone : ",{"t":"idOrVar","v":"sync"}]},{"$i":"call-forwarding-voice","$v":["Voix : ",{"t":"idOrVar","v":"voice"}]},{"$i":"serviceClassVoice","$v":"Voix"},{"$i":"serviceClassData","$v":"Données"},{"$i":"serviceClassFax","$v":"FAX"},{"$i":"serviceClassSms","$v":"SMS"},{"$i":"serviceClassDataSync","$v":"Synchrone"},{"$i":"serviceClassDataAsync","$v":"Asynchrone"},{"$i":"serviceClassPacket","$v":"Paquets"},{"$i":"serviceClassPad","$v":"PAD"},{"$i":"smServiceEnabled","$v":"Le service était activé"},{"$i":"smServiceDisabled","$v":"Le service a été désactivé"},{"$i":"smServiceRegistered","$v":"Échec de l’enregistrement"},{"$i":"smServiceErased","$v":"L’effacement a réussi"},{"$i":"smServiceInterrogated","$v":"La requête a réussi"},{"$i":"smServiceNotProvisioned","$v":"Service non provisionné"},{"$i":"smClirPermanent","$v":"Vous ne pouvez pas modifier le paramètre de présentation du numéro"},{"$i":"smClirDefaultOnNextCallOn","$v":"Présentation du numéro désactivée par défaut. Prochain appel : masqué"},{"$i":"smClirDefaultOnNextCallOff","$v":"Présentation du numéro désactivée par défaut. Prochain appel : affiché"},{"$i":"smClirDefaultOffNextCallOn","$v":"Présentation du numéro activée par défaut. Prochain appel : masqué"},{"$i":"smClirDefaultOffNextCallOff","$v":"Présentation du numéro activée par défaut. Prochain appel : affiché"},{"$i":"smServiceEnabledFor","$v":"Le service était activé pour :"},{"$i":"smPinChanged","$v":"Changement PIN réussi"},{"$i":"smPinUnblocked","$v":"Déblocage PIN réussi"},{"$i":"smPin2Changed","$v":"Changement PIN2 réussi"},{"$i":"smPin2Unblocked","$v":"Déblocage PIN2 réussi"},{"$i":"ServiceIsEnabled","$v":"Service activé"},{"$i":"ServiceIsDisabled","$v":"Service désactivé"},{"$i":"ServiceIsEnabledFor","$v":"Service activé pour :"},{"$i":"emMmiError","$v":"Problème de connexion ou code MMI non valide"},{"$i":"emMmiErrorPasswordIncorrect","$v":"Mot de passe incorrect"},{"$i":"emMmiErrorNotSupported","$v":"Code MMI non valide ou non pris en charge"},{"$i":"emMmiErrorInvalidAction","$v":"Action non valide"},{"$i":"emMmiErrorInvalidScCode","$v":"Code de service non valide"},{"$i":"emMmiErrorBadPuk","$v":"Le PUK saisi n’est pas correct"},{"$i":"emMmiErrorBadPin","$v":"L’ancien PIN saisi n’est pas correct."},{"$i":"emMmiErrorNeedPuk2","$v":"Saisissez le PUK2 pour déverrouiller la carte SIM"},{"$i":"emMmiErrorMismatchPin","$v":"Les PIN saisis ne correspondent pas"},{"$i":"emMmiErrorInvalidPin","$v":"Saisissez un PIN de 4 à 8 chiffres"},{"$i":"emMmiErrorNeedsPuk","$v":"Votre carte SIM est verrouillée par code PUK"},{"$i":"emMmiErrorEnablePin","$v":"Échec. Activer SIM/RUIM LOCK"},{"$i":"emMmiErrorMmiFdn","$v":"Opération restreinte à la liste de numéros autorisés (FDN)"},{"$i":"emMmiErrorStkCcUssdDial","$v":"Requête USSD modifiée en requête DIAL"},{"$i":"emMmiErrorStkCcUssdSs","$v":"Requête USSD modifiée en requête SS"},{"$i":"emMmiErrorStkCcUssdUssd","$v":"Requête USSD modifiée en nouvelle requête USSD"},{"$i":"emMmiErrorStkCcSsDial","$v":"Requête SS modifiée en requête DIAL"},{"$i":"emMmiErrorStkCcSsUssd","$v":"Requête SS modifiée en requête USSD"},{"$i":"emMmiErrorStkCcSsSs","$v":"Requête SS modifiée en nouvelle requête SS"},{"$i":"emMmiErrorPinPukAttempts","$v":{"few":[{"t":"idOrVar","v":"n"}," essais restants"],"many":[{"t":"idOrVar","v":"n"}," essais restants"],"one":"Dernier essai","other":[{"t":"idOrVar","v":"n"}," essais restants"],"two":[{"t":"idOrVar","v":"n"}," essais restants"]},"$x":[{"t":"idOrVar","v":"plural"},"n"]},{"$i":"emMmiErrorSimBlocked","$v":"Nombre maximal d’essais dépassé. SIM bloquée"},{"$i":"RadioNotAvailable","$v":"Radio indisponible"},{"$i":"PasswordIncorrect","$v":"Mot de passe incorrect"},{"$i":"SimPin2","$v":"Code PIN2 carte SIM"},{"$i":"SimPuk2","$v":"PUK2 carte SIM"},{"$i":"RequestNotSupported","$v":"Requête non prise en charge"},{"$i":"OpNotAllowedDuringVoiceCall","$v":"Opération non permise durant un appel"},{"$i":"SmsSendFailRetry","$v":"Échec de l’envoi du SMS, réessayer"},{"$i":"SimAbsent","$v":"SIM absente"},{"$i":"SubscriptionNotAvailable","$v":"Abonnement non disponible"},{"$i":"ModeNotSupported","$v":"Mode non pris en charge"},{"$i":"FdnCheckFailure","$v":"Échec de la vérification de la liste de numéros autorisés (FDN)"},{"$i":"IllegalSimOrMe","$v":"SIM ou ME illégal"},{"$i":"DialModifiedToUssd","$v":"Dial modifiée en USSD"},{"$i":"DialModifiedToSs","$v":"Dial modifiée en SS"},{"$i":"DialModifiedToDial","$v":"Dial modifiée en dial"},{"$i":"UssdModifiedToDial","$v":"USSD modifiée en dial"},{"$i":"UssdModifiedToSs","$v":"USSD modifiée en SS"},{"$i":"UssdModifiedToUssd","$v":"USSD modifiée en USSD"},{"$i":"SsModifiedToDial","$v":"SS modifiée en dial"},{"$i":"SsModifiedToUssd","$v":"SS modifiée en USSD"},{"$i":"SsModifiedToSs","$v":"SS modifiée en SS"},{"$i":"SubscriptionNotSupported","$v":"Abonnement non pris en charge"},{"$i":"InvalidParameter","$v":"Paramètre non valide"},{"$i":"RejectedByRemote","$v":"Rejeté par l’équipement distant"},{"$i":"GetEmptyUssdPrompt","$v":"Aucune réponse n’a été reçue."},{"$i":"label","$v":"Libellé"},{"$i":"faxHome","$v":"Fax (domicile)"},{"$i":"faxOffice","$v":"Fax (bureau)"},{"$i":"faxOther","$v":"Fax (autre)"},{"$i":"another","$v":"Autre"},{"$i":"other","$v":"Autre"},{"$i":"tcl-customTag","$v":"Tag personnalisé"},{"$i":"customTag","$v":"Tag personnalisé","placeholder":"Tag personnalisé"},{"$i":"current","$v":"En cours"},{"$i":"itemWithLabel","$v":[{"t":"idOrVar","v":"label"},", ",{"t":"idOrVar","v":"item"}]},{"$i":"weekday-0-long","$v":"Dimanche"},{"$i":"weekday-1-long","$v":"Lundi"},{"$i":"weekday-2-long","$v":"Mardi"},{"$i":"weekday-3-long","$v":"Mercredi"},{"$i":"weekday-4-long","$v":"Jeudi"},{"$i":"weekday-5-long","$v":"Vendredi"},{"$i":"weekday-6-long","$v":"Samedi"},{"$i":"weekday-0-short","$v":"dim"},{"$i":"weekday-1-short","$v":"lun"},{"$i":"weekday-2-short","$v":"mar"},{"$i":"weekday-3-short","$v":"mer"},{"$i":"weekday-4-short","$v":"jeu"},{"$i":"weekday-5-short","$v":"ven"},{"$i":"weekday-6-short","$v":"sam"},{"$i":"month-0-long","$v":"Janvier"},{"$i":"month-1-long","$v":"Février"},{"$i":"month-2-long","$v":"Mars"},{"$i":"month-3-long","$v":"Avril"},{"$i":"month-4-long","$v":"mai"},{"$i":"month-5-long","$v":"Juin"},{"$i":"month-6-long","$v":"Juillet"},{"$i":"month-7-long","$v":"Août"},{"$i":"month-8-long","$v":"Septembre"},{"$i":"month-9-long","$v":"Octobre"},{"$i":"month-10-long","$v":"Novembre"},{"$i":"month-11-long","$v":"Décembre"},{"$i":"month-0-genitive","$v":"Janvier"},{"$i":"month-1-genitive","$v":"Février"},{"$i":"month-2-genitive","$v":"Mars"},{"$i":"month-3-genitive","$v":"Avril"},{"$i":"month-4-genitive","$v":"mai"},{"$i":"month-5-genitive","$v":"Juin"},{"$i":"month-6-genitive","$v":"Juillet"},{"$i":"month-7-genitive","$v":"Août"},{"$i":"month-8-genitive","$v":"Septembre"},{"$i":"month-9-genitive","$v":"Octobre"},{"$i":"month-10-genitive","$v":"Novembre"},{"$i":"month-11-genitive","$v":"Décembre"},{"$i":"month-0-short","$v":"jan."},{"$i":"month-1-short","$v":"fév."},{"$i":"month-2-short","$v":"mars"},{"$i":"month-3-short","$v":"avr."},{"$i":"month-4-short","$v":"mai"},{"$i":"month-5-short","$v":"juin"},{"$i":"month-6-short","$v":"juil."},{"$i":"month-7-short","$v":"août"},{"$i":"month-8-short","$v":"sep."},{"$i":"month-9-short","$v":"oct."},{"$i":"month-10-short","$v":"nov."},{"$i":"month-11-short","$v":"déc."},{"$i":"minutes-ago-long","$v":{"few":["il y a ",{"t":"idOrVar","v":"value"}," minutes"],"many":["Il y a ",{"t":"idOrVar","v":"value"}," minutes"],"one":"Il y a 1 minute","other":["il y a ",{"t":"idOrVar","v":"value"}," minutes"],"two":["il y a ",{"t":"idOrVar","v":"value"}," minutes"],"zero":"à l’instant"},"$x":[{"t":"idOrVar","v":"plural"},"value"]},{"$i":"hours-ago-long","$v":{"few":["il y a ",{"t":"idOrVar","v":"value"}," heures"],"many":["Il y a ",{"t":"idOrVar","v":"value"}," heures"],"one":"Il y a 1 heure","other":["il y a ",{"t":"idOrVar","v":"value"}," heures"],"two":["il y a ",{"t":"idOrVar","v":"value"}," heures"],"zero":"à l’instant"},"$x":[{"t":"idOrVar","v":"plural"},"value"]},{"$i":"days-ago-long","$v":{"few":["il y a ",{"t":"idOrVar","v":"value"}," jours"],"many":["il y a ",{"t":"idOrVar","v":"value"}," jours"],"one":"hier","other":["il y a ",{"t":"idOrVar","v":"value"}," jours"],"two":["il y a ",{"t":"idOrVar","v":"value"}," jours"],"zero":"aujourd’hui"},"$x":[{"t":"idOrVar","v":"plural"},"value"]},{"$i":"weeks-ago-long","$v":{"few":["il y a ",{"t":"idOrVar","v":"value"}," semaines"],"many":["il y a ",{"t":"idOrVar","v":"value"}," semaines"],"one":"la semaine dernière","other":["il y a ",{"t":"idOrVar","v":"value"}," semaines"],"two":["il y a ",{"t":"idOrVar","v":"value"}," semaines"],"zero":"cette semaine"},"$x":[{"t":"idOrVar","v":"plural"},"value"]},{"$i":"months-ago-long","$v":{"few":["il y a ",{"t":"idOrVar","v":"value"}," mois"],"many":["il y a ",{"t":"idOrVar","v":"value"}," mois"],"one":"le mois dernier","other":["il y a ",{"t":"idOrVar","v":"value"}," mois"],"two":["il y a ",{"t":"idOrVar","v":"value"}," mois"],"zero":"ce mois-ci"},"$x":[{"t":"idOrVar","v":"plural"},"value"]},{"$i":"years-ago-long","$v":{"few":["il y a ",{"t":"idOrVar","v":"value"}," ans"],"many":["il y a ",{"t":"idOrVar","v":"value"}," ans"],"one":"l’année dernière","other":["il y a ",{"t":"idOrVar","v":"value"}," ans"],"two":["il y a ",{"t":"idOrVar","v":"value"}," ans"],"zero":"cette année"},"$x":[{"t":"idOrVar","v":"plural"},"value"]},{"$i":"minutes-until-long","$v":{"few":["dans ",{"t":"idOrVar","v":"value"}," minutes"],"many":["dans ",{"t":"idOrVar","v":"value"}," minutes"],"one":["dans ",{"t":"idOrVar","v":"value"}," minute"],"other":["dans ",{"t":"idOrVar","v":"value"}," minutes"],"two":["dans ",{"t":"idOrVar","v":"value"}," minutes"],"zero":"maintenant"},"$x":[{"t":"idOrVar","v":"plural"},"value"]},{"$i":"hours-until-long","$v":{"few":["dans ",{"t":"idOrVar","v":"value"}," heures"],"many":["dans ",{"t":"idOrVar","v":"value"}," heures"],"one":["dans ",{"t":"idOrVar","v":"value"}," heure"],"other":["dans ",{"t":"idOrVar","v":"value"}," heures"],"two":["dans ",{"t":"idOrVar","v":"value"}," heures"],"zero":"maintenant"},"$x":[{"t":"idOrVar","v":"plural"},"value"]},{"$i":"days-until-long","$v":{"few":["dans ",{"t":"idOrVar","v":"value"}," jours"],"many":["dans ",{"t":"idOrVar","v":"value"}," jours"],"one":"demain","other":["dans ",{"t":"idOrVar","v":"value"}," jours"],"two":["dans ",{"t":"idOrVar","v":"value"}," jours"],"zero":"aujourd’hui"},"$x":[{"t":"idOrVar","v":"plural"},"value"]},{"$i":"weeks-until-long","$v":{"few":["dans ",{"t":"idOrVar","v":"value"}," semaines"],"many":["dans ",{"t":"idOrVar","v":"value"}," semaines"],"one":"la semaine prochaine","other":["dans ",{"t":"idOrVar","v":"value"}," semaines"],"two":["dans ",{"t":"idOrVar","v":"value"}," semaines"],"zero":"cette semaine"},"$x":[{"t":"idOrVar","v":"plural"},"value"]},{"$i":"months-until-long","$v":{"few":["dans ",{"t":"idOrVar","v":"value"}," mois"],"many":["dans ",{"t":"idOrVar","v":"value"}," mois"],"one":"le mois prochain","other":["dans ",{"t":"idOrVar","v":"value"}," mois"],"two":["dans ",{"t":"idOrVar","v":"value"}," mois"],"zero":"ce mois-ci"},"$x":[{"t":"idOrVar","v":"plural"},"value"]},{"$i":"years-until-long","$v":{"few":["dans ",{"t":"idOrVar","v":"value"}," ans"],"many":["dans ",{"t":"idOrVar","v":"value"}," ans"],"one":"l’année prochaine","other":["dans ",{"t":"idOrVar","v":"value"}," ans"],"two":["dans ",{"t":"idOrVar","v":"value"}," ans"],"zero":"cette année"},"$x":[{"t":"idOrVar","v":"plural"},"value"]},{"$i":"minutes-ago-short","$v":{"other":["il y a ",{"t":"idOrVar","v":"value"}," min"],"zero":"à l’instant"},"$x":[{"t":"idOrVar","v":"plural"},"value"]},{"$i":"hours-ago-short","$v":{"other":["il y a ",{"t":"idOrVar","v":"value"},"h"],"zero":"à l’instant"},"$x":[{"t":"idOrVar","v":"plural"},"value"]},{"$i":"days-ago-short","$v":{"other":["il y a ",{"t":"idOrVar","v":"value"},"j"],"zero":"aujourd’hui"},"$x":[{"t":"idOrVar","v":"plural"},"value"]},{"$i":"minutes-until-short","$v":{"other":["dans ",{"t":"idOrVar","v":"value"},"m"],"zero":"maintenant"},"$x":[{"t":"idOrVar","v":"plural"},"value"]},{"$i":"hours-until-short","$v":{"other":["dans ",{"t":"idOrVar","v":"value"},"h"],"zero":"maintenant"},"$x":[{"t":"idOrVar","v":"plural"},"value"]},{"$i":"days-until-short","$v":{"other":["dans ",{"t":"idOrVar","v":"value"},"j"],"zero":"aujourd’hui"},"$x":[{"t":"idOrVar","v":"plural"},"value"]},{"$i":"incorrectDate","$v":"(date incorrecte)"},{"$i":"dateTimeFormat_%c","$v":"%a %e %b %Y %H:%M:%S"},{"$i":"dateTimeFormat_%x","$v":"%d/%m/%Y"},{"$i":"dateTimeFormat_%X","$v":"%H:%M:%S"},{"$i":"shortTimeFormat","$v":"%I:%M %p"},{"$i":"shortTimeFormat12","$v":"%I:%M %p"},{"$i":"shortTimeFormat24","$v":"%H:%M"},{"$i":"shortDateTimeFormat","$v":"%x %H:%M"},{"$i":"weekStartsOnMonday","$v":"0"},{"$i":"firstDayOfTheWeek","$v":"0"},{"$i":"time_am","$v":"AM"},{"$i":"time_pm","$v":"PM"}]