[{"$i":"search-or-enter-address","placeholder":"Buat carian atau masukkan alamat"},{"$i":"delete-title","$v":["Padam ",{"t":"idOrVar","v":"name"}]},{"$i":"delete-body","$v":[{"t":"idOrVar","v":"name"}," dan semua datanya akan dipadam."]},{"$i":"delete","$v":"Padam"},{"$i":"cancel","$v":"Batal"},{"$i":"apps","$v":"Aplikasi"},{"$i":"menu","$v":"Menu"},{"$i":"notifications","$v":"Notis"},{"$i":"speed-dial","$v":"Dail Pantas"},{"$i":"select","$v":"Pilih"},{"$i":"move","$v":"Pindahkan"},{"$i":"ok","$v":"OK"},{"$i":"set","$v":"Tetapkan"},{"$i":"edit","$v":"Edit"},{"$i":"call","$v":"Panggil"},{"$i":"message","$v":"Mesej"},{"$i":"options","$v":"Pilihan"},{"$i":"assign","$v":"Peruntukkan"},{"$i":"remove","$v":"Alih keluar"},{"$i":"replace","$v":"Gantikan"},{"$i":"more","$v":"Lagi"},{"$i":"settings","$v":"Tetapan"},{"$i":"contacts","$v":"Kenalan"},{"$i":"list-view","$v":"Paparan Senarai"},{"$i":"grid-view","$v":"Paparan Grid"},{"$i":"single-view","$v":"Paparan Tunggal"},{"$i":"skip","$v":"Langkau"},{"$i":"shortcuts","$v":"Pintasan"},{"$i":"next","$v":"Seterusnya"},{"$i":"voicemail","$v":"Mel suara"},{"$i":"speed-dial-not-empty","ariaLabel":[{"t":"idOrVar","v":"order"},", ",{"t":"idOrVar","v":"name"}]},{"$i":"speed-dial-empty","ariaLabel":[{"t":"idOrVar","v":"order"},", kosong"]},{"$i":"remove-speed-dial","$v":["Adakah anda pasti anda ingin mengalih keluar ",{"t":"idOrVar","v":"name"}," daripada Dail Pantas ?"]},{"$i":"replace-speed-dial","$v":["Adakah anda pasti anda ingin menggantikan ",{"t":"idOrVar","v":"name"}," dengan ",{"t":"idOrVar","v":"subName"}," ?"]},{"$i":"assign-speed-dial","$v":["Kenalan tidak ditambah sebagai dail pantas pada butang ",{"t":"idOrVar","v":"n"},". Peruntukkan sekarang ?"]},{"$i":"assign-voicemail","$v":"Nombor Mel Suara belum ditetapkan."},{"$i":"alert-for-contacts-without-number","$v":"Tiada kenalan dengan nombor telefon yang tersedia."},{"$i":"option-remove","$v":"Alih keluar daripada Dail Pantas"},{"$i":"option-replace","$v":"Gantikan"},{"$i":"all-apps","$v":"Semua aplikasi"},{"$i":"uninstall","$v":"Nyahpasang"},{"$i":"confirm-to-uninstall-app","$v":["Nyahpasang aplikasi ",{"t":"idOrVar","v":"appName"},"?"]},{"$i":"confirm-to-unpin-bookmark","$v":"Nyahpin laman web ini?"},{"$i":"unpin","$v":"Nyahsemat"},{"$i":"rename","$v":"Namakan Semula"},{"$i":"add-to-existing-contact","$v":"Tambah ke Kenalan Sedia Ada"},{"$i":"create-new-contact","$v":"Buat Kenalan Baharu"},{"$i":"sending","$v":"Menghantar…"},{"$i":"video-call","$v":"Panggilan video"},{"$i":"callAirplaneModeTitle","$v":"Mod pesawat diaktifkan"},{"$i":"callAirplaneModeMessage","$v":"Untuk membuat panggilan, anda perlu menyahdayakan mod pesawat dalam tetapan."},{"$i":"emergencyDialogTitle","$v":"Tiada sambungan rangkaian"},{"$i":"emergencyDialogBodyBadNumber","$v":"Untuk membuat panggilan, telefon mestilah bersambung kepada rangkaian."},{"$i":"emergencyDialogBodyDeviceNotAccepted","$v":"Panggilan kecemasan tidak dibenarkan oleh rangkaian."},{"$i":"invalidNumberToDialTitle","$v":"Nombor telefon tidak sah"},{"$i":"invalidNumberToDialMessage","$v":"Nombor telefon yang anda panggil tidak sah."},{"$i":"emergency-call-only","$v":"Panggilan Kecemasan Sahaja"},{"$i":"emergency-call-error","$v":[{"t":"idOrVar","v":"number"}," bukan nombor kecemasan."]},{"$i":"numberIsBusyTitle","$v":"Nombor sibuk"},{"$i":"numberIsBusyMessage","$v":"Nombor tidak tersedia pada masa ini. Sila cuba lagi kemudian."},{"$i":"fdnIsActiveTitle","$v":"FDN aktif"},{"$i":"fdnIsActiveMessage","$v":["FDN (Nombor Dailan Tetap) diaktifkan dan nombor yang berikut tiada dalam senarai FDN anda: ",{"t":"idOrVar","v":"number"}]},{"$i":"otherConnectionInUseTitle","$v":"Sambungan yang satu lagi sedang digunakan"},{"$i":"otherConnectionInUseMessage","$v":"Anda mempunyai panggilan aktif dalam sambungan yang lain. Anda hanya boleh menggunakan satu sambungan pada satu-satu masa."},{"$i":"GenericFailure","$v":"Kegagalan generik"},{"$i":"CallFailed","$v":"Panggilan gagal"},{"$i":"scCallBarring","$v":"Sekatan panggilan"},{"$i":"scCallForwarding","$v":"Pemajuan panggilan"},{"$i":"scClip","$v":"ID Pemanggil Masuk"},{"$i":"scClir","$v":"ID Pemanggil Keluar"},{"$i":"scPwd","$v":"Penukaran kata laluan"},{"$i":"scCallWaiting","$v":"Panggilan menunggu"},{"$i":"scPin","$v":"Menukar PIN"},{"$i":"scPin2","$v":"Menukar PIN2"},{"$i":"scPuk","$v":"Nyahsekat PIN"},{"$i":"scPuk2","$v":"Nyahsekat PIN2"},{"$i":"scImei","$v":"IMEI"},{"$i":"scMeid","$v":"MEID"},{"$i":"scUssd","$v":"USSD"},{"$i":"deviceIsUnlocked","$v":"Peranti dibuka kunci"},{"$i":"simUnlockCodeAccepted","$v":"Kod buka kunci SIM diterima"},{"$i":"simUnlockCodeFailed","$v":"Tidak berjaya membuka kunci SIM"},{"$i":"personal","$v":"Peribadi"},{"$i":"mobile","$v":"Mudah alih"},{"$i":"home","$v":"Rumah"},{"$i":"work","$v":"Kerja"},{"$i":"fax-home","$v":"Faks rumah"},{"$i":"fax-office","$v":"Faks pejabat"},{"$i":"fax-other","$v":"Faks lain-lain"},{"$i":"homescreen-settings","$v":"Tetapan Skrin Utama"},{"$i":"change-wallpaper","$v":"Tukar Kertas Dinding"},{"$i":"add-smart-collections","$v":"Tambah Koleksi Pintar"},{"$i":"edit-mode","$v":"Edit"},{"$i":"edit-done","$v":"Selesai"},{"$i":"tutorial-for-side-menu-1","$v":"Tekan kekunci KIRI untuk mengakses apl di sebelah kiri."},{"$i":"tutorial-for-instant-settings-1","$v":"Tekan kekunci ATAS untuk tetapan yang biasa digunakan."},{"$i":"tutorial-for-notices","$v":"Tekan kekunci KANAN untuk melihat notis baharu."},{"$i":"tutorial-for-google-assistant-1","$v":["Tekan lama ",{"t":"idOrVar","v":"microphone"}," untuk bercakap."]},{"$i":"tutorial-for-voice-input-1","$v":["Tekan lama ",{"t":"idOrVar","v":"microphone"}," untuk bercakap dalam medan teks."]},{"$i":"stop-download-title","$v":["Hentikan ",{"t":"idOrVar","v":"name"}]},{"$i":"stop-download-body","$v":"Adakah anda ingin menghentikan muat turun yang sedang berjalan?"},{"$i":"stop-download-action","$v":"Henti"},{"$i":"resume-download-title","$v":"Mulakan Semula Muat Turun"},{"$i":"resume-download-body","$v":["Adakah anda ingin memuat turun ",{"t":"idOrVar","v":"name"},"?"]},{"$i":"resume-download-action","$v":"Muat turun"},{"$i":"edit-group-header","$v":"Edit kumpulan"},{"$i":"tcl-wallpaper-changed","$v":"Kertas dinding ditukar"},{"$i":"gaia-shortcut-app-updated","$v":"Aplikasi Dikemas kini"},{"$i":"clocks-updated","$v":"Jam dikemas kini"},{"$i":"longDateFormat","$v":"%A, %B %e"},{"$i":"app-title","$v":"Aplikasi Saya"},{"$i":"app-uninstall","$v":[{"t":"idOrVar","v":"name"}," telah dinyahpasang"]},{"$i":"confirmation","$v":"Pengesahan"},{"$i":"clockDateFormat","$v":"%a, %e %b"},{"$i":"sim-with-index-and-carrier","$v":["SIM ",{"t":"idOrVar","v":"index"}," - ",{"t":"idOrVar","v":"carrier"}]},{"$i":"sim-without-carrier","$v":["SIM ",{"t":"idOrVar","v":"index"}]},{"$i":"call-forwarding-async","$v":["Tak segerak: ",{"t":"idOrVar","v":"async"}]},{"$i":"call-forwarding-data","$v":["Data: ",{"t":"idOrVar","v":"data"}]},{"$i":"call-forwarding-error","$v":"Ralat berlaku ketika mendapatkan semula status pemajuan panggilan"},{"$i":"call-forwarding-fax","$v":["FAKS: ",{"t":"idOrVar","v":"fax"}]},{"$i":"call-forwarding-inactive","$v":"Tidak aktif"},{"$i":"call-forwarding-packet","$v":["Paket: ",{"t":"idOrVar","v":"packet"}]},{"$i":"call-forwarding-pad","$v":["PAD: ",{"t":"idOrVar","v":"pad"}]},{"$i":"call-forwarding-sms","$v":["SMS: ",{"t":"idOrVar","v":"sms"}]},{"$i":"call-forwarding-status","$v":"Status pemajuan panggilan"},{"$i":"call-forwarding-sync","$v":["Segerak: ",{"t":"idOrVar","v":"sync"}]},{"$i":"call-forwarding-voice","$v":["Suara: ",{"t":"idOrVar","v":"voice"}]},{"$i":"serviceClassVoice","$v":"Suara"},{"$i":"serviceClassData","$v":"Data"},{"$i":"serviceClassFax","$v":"FAKS"},{"$i":"serviceClassSms","$v":"SMS"},{"$i":"serviceClassDataSync","$v":"Segerakkan"},{"$i":"serviceClassDataAsync","$v":"Tak segerak"},{"$i":"serviceClassPacket","$v":"Paket"},{"$i":"serviceClassPad","$v":"PAD"},{"$i":"smServiceEnabled","$v":"Perkhidmatan telah didayakan"},{"$i":"smServiceDisabled","$v":"Perkhidmatan telah dinyahdayakan"},{"$i":"smServiceRegistered","$v":"Pendaftaran berjaya"},{"$i":"smServiceErased","$v":"Pemadaman berjaya"},{"$i":"smServiceInterrogated","$v":"Permintaan berjaya"},{"$i":"smServiceNotProvisioned","$v":"Perkhidmatan tidak diperuntukkan"},{"$i":"smClirPermanent","$v":"Anda tidak boleh mengubah tetapan ID pemanggil"},{"$i":"smClirDefaultOnNextCallOn","$v":"ID pemanggil menjadi lalai kepada disekat. Panggilan seterusnya: Disekat"},{"$i":"smClirDefaultOnNextCallOff","$v":"ID pemanggil menjadi lalai kepada disekat. Panggilan seterusnya: Tidak disekat"},{"$i":"smClirDefaultOffNextCallOn","$v":"ID pemanggil menjadi lalai kepada tidak disekat. Panggilan seterusnya: Disekat"},{"$i":"smClirDefaultOffNextCallOff","$v":"ID pemanggil menjadi lalai kepada tidak disekat. Panggilan seterusnya: Tidak disekat"},{"$i":"smServiceEnabledFor","$v":"Perkhidmatan telah didayakan untuk:"},{"$i":"smPinChanged","$v":"PIN berjaya ditukar"},{"$i":"smPinUnblocked","$v":"PIN berjaya dinyahsekat"},{"$i":"smPin2Changed","$v":"PIN2 berjaya ditukar"},{"$i":"smPin2Unblocked","$v":"PIN2 berjaya dinyahsekat"},{"$i":"ServiceIsEnabled","$v":"Perkhidmatan didayakan"},{"$i":"ServiceIsDisabled","$v":"Perkhidmatan dinyahdayakan"},{"$i":"ServiceIsEnabledFor","$v":"Perkhidmatan didayakan untuk:"},{"$i":"emMmiError","$v":"Masalah sambungan atau kod MMI tidak sah"},{"$i":"emMmiErrorPasswordIncorrect","$v":"Kata Laluan Salah"},{"$i":"emMmiErrorNotSupported","$v":"Kod MMI Tidak sah atau Tidak disokong"},{"$i":"emMmiErrorInvalidAction","$v":"Tindakan tidak sah"},{"$i":"emMmiErrorInvalidScCode","$v":"Kod perkhidmatan tidak sah"},{"$i":"emMmiErrorBadPuk","$v":"PUK yang anda taip tidak betul"},{"$i":"emMmiErrorBadPin","$v":"PIN lama yang anda taip tidak betul."},{"$i":"emMmiErrorNeedPuk2","$v":"Taipkan PUK2 untuk nyahsekat kad SIM"},{"$i":"emMmiErrorMismatchPin","$v":"PIN yang anda taipkan tidak sepadan"},{"$i":"emMmiErrorInvalidPin","$v":"Taipkan PIN yang 4 hingga 8 nombor"},{"$i":"emMmiErrorNeedsPuk","$v":"Kad SIM anda dikunci PUK"},{"$i":"emMmiErrorEnablePin","$v":"Tidak berjaya. Dayakan KUNCI SIM/RUIM"},{"$i":"emMmiErrorMmiFdn","$v":"Pengendalian dihadkan kepada nombor dailan tetap sahaja"},{"$i":"emMmiErrorStkCcUssdDial","$v":"Permintaan USSD diubah suai kepada permintaan DAIL"},{"$i":"emMmiErrorStkCcUssdSs","$v":"Permintaan USSD diubah suai kepada permintaan SS"},{"$i":"emMmiErrorStkCcUssdUssd","$v":"Permintaan USSD diubah suai kepada permintaan USSD baharu"},{"$i":"emMmiErrorStkCcSsDial","$v":"Permintaan SS diubah suai kepada permintaan DAIL"},{"$i":"emMmiErrorStkCcSsUssd","$v":"Permintaan SS diubah suai kepada permintaan USSD"},{"$i":"emMmiErrorStkCcSsSs","$v":"Permintaan SS diubah suai kepada permintaan SS baharu"},{"$i":"emMmiErrorPinPukAttempts","$v":{"few":["Tinggal ",{"t":"idOrVar","v":"n"}," cubaan semula"],"many":["Tinggal ",{"t":"idOrVar","v":"n"}," cubaan semula"],"one":["Tinggal ",{"t":"idOrVar","v":"n"}," cubaan semula sahaja"],"other":["Tinggal ",{"t":"idOrVar","v":"n"}," cubaan semula"],"two":["Tinggal ",{"t":"idOrVar","v":"n"}," cubaan semula"]},"$x":[{"t":"idOrVar","v":"plural"},"n"]},{"$i":"emMmiErrorSimBlocked","$v":"Melebihi bilangan maksimum cubaan. SIM disekat"},{"$i":"RadioNotAvailable","$v":"Radio tidak tersedia"},{"$i":"PasswordIncorrect","$v":"Kata laluan salah"},{"$i":"SimPin2","$v":"PIN2 SIM"},{"$i":"SimPuk2","$v":"PUK2 SIM"},{"$i":"RequestNotSupported","$v":"Permintaan tidak disokong"},{"$i":"OpNotAllowedDuringVoiceCall","$v":"Operasi tidak dibenarkan ketika panggilan suara"},{"$i":"SmsSendFailRetry","$v":"Gagal hantar SMS cuba semula"},{"$i":"SimAbsent","$v":"Tiada SIM"},{"$i":"SubscriptionNotAvailable","$v":"Langganan tidak tersedia"},{"$i":"ModeNotSupported","$v":"Mod tidak disokong"},{"$i":"FdnCheckFailure","$v":"Kegagalan pemeriksaan fdn"},{"$i":"IllegalSimOrMe","$v":"SIM atau ME tidak sah"},{"$i":"DialModifiedToUssd","$v":"Dail diubah suai kepada USSD"},{"$i":"DialModifiedToSs","$v":"Dail diubah suai kepada SS"},{"$i":"DialModifiedToDial","$v":"Dail diubah suai kepada dail"},{"$i":"UssdModifiedToDial","$v":"USSD diubah suai kepada dail"},{"$i":"UssdModifiedToSs","$v":"USSD diubah suai kepada SS"},{"$i":"UssdModifiedToUssd","$v":"USSD diubah suai kepada USSD"},{"$i":"SsModifiedToDial","$v":"SS diubah suai kepada dail"},{"$i":"SsModifiedToUssd","$v":"SS diubah suai kepada USSD"},{"$i":"SsModifiedToSs","$v":"SS diubah suai kepada SS"},{"$i":"SubscriptionNotSupported","$v":"Langganan tidak disokong"},{"$i":"InvalidParameter","$v":"Parameter tidak sah"},{"$i":"RejectedByRemote","$v":"Ditolak oleh yang jauh"},{"$i":"GetEmptyUssdPrompt","$v":"Balasan nol diterima."},{"$i":"label","$v":"Label"},{"$i":"faxHome","$v":"Faks rumah"},{"$i":"faxOffice","$v":"Faks pejabat"},{"$i":"faxOther","$v":"Faks lain-lain"},{"$i":"another","$v":"Yang lain"},{"$i":"other","$v":"Lain-lain"},{"$i":"tcl-customTag","$v":"Tag tersuai"},{"$i":"customTag","$v":"Tag tersuai","placeholder":"Tag tersuai"},{"$i":"current","$v":"Semasa"},{"$i":"itemWithLabel","$v":[{"t":"idOrVar","v":"label"},", ",{"t":"idOrVar","v":"item"}]},{"$i":"weekday-0-long","$v":"Ahad"},{"$i":"weekday-1-long","$v":"Isnin"},{"$i":"weekday-2-long","$v":"Selasa"},{"$i":"weekday-3-long","$v":"Rabu"},{"$i":"weekday-4-long","$v":"Khamis"},{"$i":"weekday-5-long","$v":"Jumaat"},{"$i":"weekday-6-long","$v":"Sabtu"},{"$i":"weekday-0-short","$v":"Aha"},{"$i":"weekday-1-short","$v":"Isn"},{"$i":"weekday-2-short","$v":"Sel"},{"$i":"weekday-3-short","$v":"Rab"},{"$i":"weekday-4-short","$v":"Kha"},{"$i":"weekday-5-short","$v":"Jum"},{"$i":"weekday-6-short","$v":"Sab"},{"$i":"month-0-long","$v":"Januari"},{"$i":"month-1-long","$v":"Februari"},{"$i":"month-2-long","$v":"Mac"},{"$i":"month-3-long","$v":"April"},{"$i":"month-4-long","$v":"Mei"},{"$i":"month-5-long","$v":"Jun"},{"$i":"month-6-long","$v":"Julai"},{"$i":"month-7-long","$v":"Ogos"},{"$i":"month-8-long","$v":"September"},{"$i":"month-9-long","$v":"Oktober"},{"$i":"month-10-long","$v":"November"},{"$i":"month-11-long","$v":"Disember"},{"$i":"month-0-genitive","$v":"Januari"},{"$i":"month-1-genitive","$v":"Februari"},{"$i":"month-2-genitive","$v":"Mac"},{"$i":"month-3-genitive","$v":"April"},{"$i":"month-4-genitive","$v":"Mei"},{"$i":"month-5-genitive","$v":"Jun"},{"$i":"month-6-genitive","$v":"Julai"},{"$i":"month-7-genitive","$v":"Ogos"},{"$i":"month-8-genitive","$v":"September"},{"$i":"month-9-genitive","$v":"Oktober"},{"$i":"month-10-genitive","$v":"November"},{"$i":"month-11-genitive","$v":"Disember"},{"$i":"month-0-short","$v":"Jan"},{"$i":"month-1-short","$v":"Feb"},{"$i":"month-2-short","$v":"Mac"},{"$i":"month-3-short","$v":"Apr"},{"$i":"month-4-short","$v":"Mei"},{"$i":"month-5-short","$v":"Jun"},{"$i":"month-6-short","$v":"Jul"},{"$i":"month-7-short","$v":"Ogo"},{"$i":"month-8-short","$v":"Sep"},{"$i":"month-9-short","$v":"Okt"},{"$i":"month-10-short","$v":"Nov"},{"$i":"month-11-short","$v":"Dis"},{"$i":"minutes-ago-long","$v":{"few":[{"t":"idOrVar","v":"value"}," minit yang lalu"],"many":[{"t":"idOrVar","v":"value"}," minit yang lalu"],"one":"seminit yang lalu","other":[{"t":"idOrVar","v":"value"}," minit yang lalu"],"two":[{"t":"idOrVar","v":"value"}," minit yang lalu"],"zero":"sebentar tadi"},"$x":[{"t":"idOrVar","v":"plural"},"value"]},{"$i":"hours-ago-long","$v":{"few":[{"t":"idOrVar","v":"value"}," jam yang lalu"],"many":[{"t":"idOrVar","v":"value"}," jam yang lalu"],"one":"sejam yang lalu","other":[{"t":"idOrVar","v":"value"}," jam yang lalu"],"two":[{"t":"idOrVar","v":"value"}," jam yang lalu"],"zero":"sebentar tadi"},"$x":[{"t":"idOrVar","v":"plural"},"value"]},{"$i":"days-ago-long","$v":{"few":[{"t":"idOrVar","v":"value"}," hari yang lalu"],"many":[{"t":"idOrVar","v":"value"}," hari yang lalu"],"one":"semalam","other":[{"t":"idOrVar","v":"value"}," hari yang lalu"],"two":[{"t":"idOrVar","v":"value"}," hari yang lalu"],"zero":"hari ini"},"$x":[{"t":"idOrVar","v":"plural"},"value"]},{"$i":"weeks-ago-long","$v":{"few":[{"t":"idOrVar","v":"value"}," minggu yang lalu"],"many":[{"t":"idOrVar","v":"value"}," minggu yang lalu"],"one":"minggu lepas","other":[{"t":"idOrVar","v":"value"}," minggu yang lalu"],"two":[{"t":"idOrVar","v":"value"}," minggu yang lalu"],"zero":"minggu ini"},"$x":[{"t":"idOrVar","v":"plural"},"value"]},{"$i":"months-ago-long","$v":{"few":[{"t":"idOrVar","v":"value"}," bulan yang lalu"],"many":[{"t":"idOrVar","v":"value"}," bulan yang lalu"],"one":"bulan lepas","other":[{"t":"idOrVar","v":"value"}," bulan yang lalu"],"two":[{"t":"idOrVar","v":"value"}," bulan yang lalu"],"zero":"bulan ini"},"$x":[{"t":"idOrVar","v":"plural"},"value"]},{"$i":"years-ago-long","$v":{"few":[{"t":"idOrVar","v":"value"}," tahun yang lalu"],"many":[{"t":"idOrVar","v":"value"}," tahun yang lalu"],"one":"tahun lepas","other":[{"t":"idOrVar","v":"value"}," tahun yang lalu"],"two":[{"t":"idOrVar","v":"value"}," tahun yang lalu"],"zero":"tahun ini"},"$x":[{"t":"idOrVar","v":"plural"},"value"]},{"$i":"minutes-until-long","$v":{"few":["dalam ",{"t":"idOrVar","v":"value"}," minit"],"many":["dalam ",{"t":"idOrVar","v":"value"}," minit"],"one":"dalam masa seminit","other":["dalam ",{"t":"idOrVar","v":"value"}," minit"],"two":["dalam ",{"t":"idOrVar","v":"value"}," minit"],"zero":"sekarang"},"$x":[{"t":"idOrVar","v":"plural"},"value"]},{"$i":"hours-until-long","$v":{"few":["dalam ",{"t":"idOrVar","v":"value"}," jam"],"many":["dalam ",{"t":"idOrVar","v":"value"}," jam"],"one":"dalam masa sejam","other":["dalam ",{"t":"idOrVar","v":"value"}," jam"],"two":["dalam ",{"t":"idOrVar","v":"value"}," jam"],"zero":"sekarang"},"$x":[{"t":"idOrVar","v":"plural"},"value"]},{"$i":"days-until-long","$v":{"few":["dalam ",{"t":"idOrVar","v":"value"}," hari"],"many":["dalam ",{"t":"idOrVar","v":"value"}," hari"],"one":"esok","other":["dalam ",{"t":"idOrVar","v":"value"}," hari"],"two":["dalam ",{"t":"idOrVar","v":"value"}," hari"],"zero":"hari ini"},"$x":[{"t":"idOrVar","v":"plural"},"value"]},{"$i":"weeks-until-long","$v":{"few":["dalam ",{"t":"idOrVar","v":"value"}," minggu"],"many":["dalam ",{"t":"idOrVar","v":"value"}," minggu"],"one":"minggu depan","other":["dalam ",{"t":"idOrVar","v":"value"}," minggu"],"two":["dalam ",{"t":"idOrVar","v":"value"}," minggu"],"zero":"minggu ini"},"$x":[{"t":"idOrVar","v":"plural"},"value"]},{"$i":"months-until-long","$v":{"few":["dalam ",{"t":"idOrVar","v":"value"}," bulan"],"many":["dalam ",{"t":"idOrVar","v":"value"}," bulan"],"one":"bulan depan","other":["dalam ",{"t":"idOrVar","v":"value"}," bulan"],"two":["dalam ",{"t":"idOrVar","v":"value"}," bulan"],"zero":"bulan ini"},"$x":[{"t":"idOrVar","v":"plural"},"value"]},{"$i":"years-until-long","$v":{"few":["dalam ",{"t":"idOrVar","v":"value"}," tahun"],"many":["dalam ",{"t":"idOrVar","v":"value"}," tahun"],"one":"tahun depan","other":["dalam ",{"t":"idOrVar","v":"value"}," tahun"],"two":["dalam ",{"t":"idOrVar","v":"value"}," tahun"],"zero":"tahun ini"},"$x":[{"t":"idOrVar","v":"plural"},"value"]},{"$i":"minutes-ago-short","$v":{"other":[{"t":"idOrVar","v":"value"},"m yang lalu"],"zero":"sebentar tadi"},"$x":[{"t":"idOrVar","v":"plural"},"value"]},{"$i":"hours-ago-short","$v":{"other":[{"t":"idOrVar","v":"value"},"j yang lalu"],"zero":"sebentar tadi"},"$x":[{"t":"idOrVar","v":"plural"},"value"]},{"$i":"days-ago-short","$v":{"other":[{"t":"idOrVar","v":"value"},"h yang lalu"],"zero":"hari ini"},"$x":[{"t":"idOrVar","v":"plural"},"value"]},{"$i":"minutes-until-short","$v":{"other":["dalam ",{"t":"idOrVar","v":"value"},"m"],"zero":"sekarang"},"$x":[{"t":"idOrVar","v":"plural"},"value"]},{"$i":"hours-until-short","$v":{"other":["dalam ",{"t":"idOrVar","v":"value"},"j"],"zero":"sekarang"},"$x":[{"t":"idOrVar","v":"plural"},"value"]},{"$i":"days-until-short","$v":{"other":["dalam ",{"t":"idOrVar","v":"value"},"h"],"zero":"hari ini"},"$x":[{"t":"idOrVar","v":"plural"},"value"]},{"$i":"incorrectDate","$v":"(tarikh salah)"},{"$i":"dateTimeFormat_%c","$v":"%a %b %e %Y %I:%M:%S %p"},{"$i":"dateTimeFormat_%x","$v":"%m/%d/%Y"},{"$i":"dateTimeFormat_%X","$v":"%I:%M:%S %p"},{"$i":"shortTimeFormat","$v":"%I:%M %p"},{"$i":"shortTimeFormat12","$v":"%I:%M %p"},{"$i":"shortTimeFormat24","$v":"%H:%M"},{"$i":"shortDateTimeFormat","$v":"%x %I:%M %p"},{"$i":"weekStartsOnMonday","$v":"0"},{"$i":"firstDayOfTheWeek","$v":"0"},{"$i":"time_am","$v":"Pagi"},{"$i":"time_pm","$v":"Tengah hari/Petang/Malam"}]