[{"$i":"search-or-enter-address","placeholder":"Adres zoeken of invoeren"},{"$i":"delete-title","$v":["Verwijderen ",{"t":"idOrVar","v":"name"}]},{"$i":"delete-body","$v":[{"t":"idOrVar","v":"name"}," en alle bijbehorende gegevens worden verwijderd."]},{"$i":"delete","$v":"Verwijderen"},{"$i":"cancel","$v":"Annuleren"},{"$i":"apps","$v":"Apps"},{"$i":"menu","$v":"Menu"},{"$i":"notifications","$v":"Kennisgevingen"},{"$i":"speed-dial","$v":"Snelkeuze"},{"$i":"select","$v":"Selecteer"},{"$i":"move","$v":"Verplaatsen"},{"$i":"ok","$v":"OK"},{"$i":"set","$v":"Instellen"},{"$i":"edit","$v":"Bewerken"},{"$i":"call","$v":"Oproep"},{"$i":"message","$v":"Bericht"},{"$i":"options","$v":"Opties"},{"$i":"assign","$v":"Toewijzen"},{"$i":"remove","$v":"Verwijderen"},{"$i":"replace","$v":"Vervang"},{"$i":"more","$v":"Meer"},{"$i":"settings","$v":"Instellingen"},{"$i":"contacts","$v":"Contacten"},{"$i":"list-view","$v":"Lijstweergave"},{"$i":"grid-view","$v":"Rasterweergave"},{"$i":"single-view","$v":"Single-weergave"},{"$i":"skip","$v":"Overslaan"},{"$i":"shortcuts","$v":"Snelkoppelingen"},{"$i":"next","$v":"Volgende"},{"$i":"voicemail","$v":"Voicemail"},{"$i":"speed-dial-not-empty","ariaLabel":[{"t":"idOrVar","v":"order"},", ",{"t":"idOrVar","v":"name"}]},{"$i":"speed-dial-empty","ariaLabel":[{"t":"idOrVar","v":"order"},", leeg"]},{"$i":"remove-speed-dial","$v":["Weet u zeker dat u ",{"t":"idOrVar","v":"name"}," wilt verwijderen uit snelkeuze?"]},{"$i":"replace-speed-dial","$v":["Weet u zeker dat u ",{"t":"idOrVar","v":"name"}," wilt vervangen door ",{"t":"idOrVar","v":"subName"},"?"]},{"$i":"assign-speed-dial","$v":["Contact is niet toegevoegd als snelkeuze op knop ",{"t":"idOrVar","v":"n"},". Nu toewijzen?"]},{"$i":"assign-voicemail","$v":"Voicemailnummer is niet ingesteld."},{"$i":"alert-for-contacts-without-number","$v":"Er zijn geen contacten met telefoonnummer beschikbaar."},{"$i":"option-remove","$v":"Verwijderen uit snelkeuze"},{"$i":"option-replace","$v":"Vervang"},{"$i":"all-apps","$v":"Alle apps"},{"$i":"uninstall","$v":"Installatie ongedaan maken"},{"$i":"confirm-to-uninstall-app","$v":["App ",{"t":"idOrVar","v":"appName"}," verwijderen?"]},{"$i":"confirm-to-unpin-bookmark","$v":"Deze website losmaken?"},{"$i":"unpin","$v":"Losmaken"},{"$i":"rename","$v":"Naam wijzigen"},{"$i":"add-to-existing-contact","$v":"Toevoegen aan bestaand contact"},{"$i":"create-new-contact","$v":"Nieuw contact maken"},{"$i":"sending","$v":"Verzenden…"},{"$i":"video-call","$v":"Videogesprek"},{"$i":"callAirplaneModeTitle","$v":"Vliegtuigmodus geactiveerd"},{"$i":"callAirplaneModeMessage","$v":"Om een oproep te plaatsen moet u de vliegtuigmodus uitschakelen in instellingen."},{"$i":"emergencyDialogTitle","$v":"Geen netwerkverbinding"},{"$i":"emergencyDialogBodyBadNumber","$v":"Om een oproep te plaatsen, moet de telefoon verbonden zijn met een netwerk."},{"$i":"emergencyDialogBodyDeviceNotAccepted","$v":"Noodoproepen zijn op het netwerk niet toegestaan."},{"$i":"invalidNumberToDialTitle","$v":"Ongeldig telefoonnummer"},{"$i":"invalidNumberToDialMessage","$v":"Het telefoonnummer dat u belt is niet geldig."},{"$i":"emergency-call-only","$v":"Alleen noodoproep"},{"$i":"emergency-call-error","$v":[{"t":"idOrVar","v":"number"}," is geen alarmnummer."]},{"$i":"numberIsBusyTitle","$v":"Het nummer is in gesprek"},{"$i":"numberIsBusyMessage","$v":"Het nummer is op dit moment in gesprek. Probeer het later nog eens."},{"$i":"fdnIsActiveTitle","$v":"FDN actief"},{"$i":"fdnIsActiveMessage","$v":["FDN (vaste nummers bellen) is geactiveerd en het volgende nummer staat niet in uw FDN-lijst: ",{"t":"idOrVar","v":"number"}]},{"$i":"otherConnectionInUseTitle","$v":"Andere verbinding in gebruik"},{"$i":"otherConnectionInUseMessage","$v":"U hebt een actieve oproep op een andere verbinding. U kunt slechts één verbinding tegelijk gebruiken."},{"$i":"GenericFailure","$v":"Algemene fout"},{"$i":"CallFailed","$v":"Oproep mislukt"},{"$i":"scCallBarring","$v":"Blokkering"},{"$i":"scCallForwarding","$v":"Oproepdoorschakeling"},{"$i":"scClip","$v":"Inkomende beller-ID"},{"$i":"scClir","$v":"Uitgaande beller-ID"},{"$i":"scPwd","$v":"Wachtwoord wijzigen"},{"$i":"scCallWaiting","$v":"Wachtende oproep"},{"$i":"scPin","$v":"PIN wijzigen"},{"$i":"scPin2","$v":"PIN2 wijzigen"},{"$i":"scPuk","$v":"PIN deblokkeren"},{"$i":"scPuk2","$v":"PIN2 deblokkeren"},{"$i":"scImei","$v":"IMEI"},{"$i":"scMeid","$v":"MEID"},{"$i":"scUssd","$v":"USSD"},{"$i":"deviceIsUnlocked","$v":"Apparaat is ontgrendeld"},{"$i":"simUnlockCodeAccepted","$v":"SIM-ontgrendelingscode geaccepteerd"},{"$i":"simUnlockCodeFailed","$v":"SIM ontgrendelen mislukt"},{"$i":"personal","$v":"Persoonlijk"},{"$i":"mobile","$v":"Mobiel"},{"$i":"home","$v":"Thuis"},{"$i":"work","$v":"Werk"},{"$i":"fax-home","$v":"Fax thuis"},{"$i":"fax-office","$v":"Fax kantoor"},{"$i":"fax-other","$v":"Fax anders"},{"$i":"homescreen-settings","$v":"Instellingen startscherm"},{"$i":"change-wallpaper","$v":"Achtergrond wijzigen"},{"$i":"add-smart-collections","$v":"Slimme collecties toevoegen"},{"$i":"edit-mode","$v":"Bewerken"},{"$i":"edit-done","$v":"Gereed"},{"$i":"tutorial-for-side-menu-1","$v":"Druk op de toets LINKS voor toegang tot apps aan de linkerkant."},{"$i":"tutorial-for-instant-settings-1","$v":"Druk op de toetst OMHOOG voor veelgebruikte instellingen."},{"$i":"tutorial-for-notices","$v":"Druk op de toets RECHTS om nieuwe meldingen te weergeven."},{"$i":"tutorial-for-google-assistant-1","$v":["Houd ",{"t":"idOrVar","v":"microphone"}," ingedrukt om te spreken."]},{"$i":"tutorial-for-voice-input-1","$v":["Houd ",{"t":"idOrVar","v":"microphone"}," ingedrukt om te spreken in het tekstveld."]},{"$i":"stop-download-title","$v":[{"t":"idOrVar","v":"name"}," stoppen"]},{"$i":"stop-download-body","$v":"Wilt u de actieve download stoppen?"},{"$i":"stop-download-action","$v":"Stoppen"},{"$i":"resume-download-title","$v":"Download opnieuw starten"},{"$i":"resume-download-body","$v":["Wilt u ",{"t":"idOrVar","v":"name"}," downloaden?"]},{"$i":"resume-download-action","$v":"Downloaden"},{"$i":"edit-group-header","$v":"Groep bewerken"},{"$i":"tcl-wallpaper-changed","$v":"Achtergrond gewijzigd"},{"$i":"gaia-shortcut-app-updated","$v":"App bijgewerkt"},{"$i":"clocks-updated","$v":"Klokken bijgewerkt"},{"$i":"longDateFormat","$v":"%A, %B %e"},{"$i":"app-title","$v":"Mijn apps"},{"$i":"app-uninstall","$v":[{"t":"idOrVar","v":"name"}," is verwijderd"]},{"$i":"confirmation","$v":"Bevestiging"},{"$i":"clockDateFormat","$v":"%a, %e %b"},{"$i":"sim-with-index-and-carrier","$v":["SIM ",{"t":"idOrVar","v":"index"}," - ",{"t":"idOrVar","v":"carrier"}]},{"$i":"sim-without-carrier","$v":["SIM ",{"t":"idOrVar","v":"index"}]},{"$i":"call-forwarding-async","$v":["Asynchroon: ",{"t":"idOrVar","v":"async"}]},{"$i":"call-forwarding-data","$v":["Gegevens: ",{"t":"idOrVar","v":"data"}]},{"$i":"call-forwarding-error","$v":"Er is een fout opgetreden tijdens het ophalen van de status voor gesprek doorschakelen"},{"$i":"call-forwarding-fax","$v":["FAX: ",{"t":"idOrVar","v":"fax"}]},{"$i":"call-forwarding-inactive","$v":"Inactief"},{"$i":"call-forwarding-packet","$v":["Pakket: ",{"t":"idOrVar","v":"packet"}]},{"$i":"call-forwarding-pad","$v":["TOETSENBLOK: ",{"t":"idOrVar","v":"pad"}]},{"$i":"call-forwarding-sms","$v":["SMS: ",{"t":"idOrVar","v":"sms"}]},{"$i":"call-forwarding-status","$v":"Status voor gesprek doorschakelen"},{"$i":"call-forwarding-sync","$v":["Synchroon: ",{"t":"idOrVar","v":"async"}]},{"$i":"call-forwarding-voice","$v":["Spraak: ",{"t":"idOrVar","v":"voice"}]},{"$i":"serviceClassVoice","$v":"Spraak"},{"$i":"serviceClassData","$v":"Data"},{"$i":"serviceClassFax","$v":"FAX"},{"$i":"serviceClassSms","$v":"SMS"},{"$i":"serviceClassDataSync","$v":"Synchroniseren"},{"$i":"serviceClassDataAsync","$v":"Async"},{"$i":"serviceClassPacket","$v":"Pakket"},{"$i":"serviceClassPad","$v":"TOETSENBLOK"},{"$i":"smServiceEnabled","$v":"Service is ingeschakeld"},{"$i":"smServiceDisabled","$v":"Service is uitgeschakeld"},{"$i":"smServiceRegistered","$v":"Registratie is gelukt"},{"$i":"smServiceErased","$v":"Wissen is gelukt"},{"$i":"smServiceInterrogated","$v":"Verzoek is gelukt"},{"$i":"smServiceNotProvisioned","$v":"Service niet ingericht"},{"$i":"smClirPermanent","$v":"U kunt de instelling voor de beller-ID niet wijzigen"},{"$i":"smClirDefaultOnNextCallOn","$v":"Beller-ID standaard ingesteld op 'Afgeschermd'. Volgende oproep: Afgeschermd."},{"$i":"smClirDefaultOnNextCallOff","$v":"Beller-ID standaard ingesteld op 'Afgeschermd'. Volgende oproep: Zichtbaar."},{"$i":"smClirDefaultOffNextCallOn","$v":"Beller-ID standaard ingesteld op 'Zichtbaar'. Volgende oproep: Afgeschermd."},{"$i":"smClirDefaultOffNextCallOff","$v":"Beller-ID standaard ingesteld op 'Zichtbaar'. Volgende oproep: Zichtbaar."},{"$i":"smServiceEnabledFor","$v":"Service is ingeschakeld voor:"},{"$i":"smPinChanged","$v":"PIN is gewijzigd"},{"$i":"smPinUnblocked","$v":"Blokkering van PIN is opgeheven"},{"$i":"smPin2Changed","$v":"PIN2 is gewijzigd"},{"$i":"smPin2Unblocked","$v":"Blokkering van PIN2 is opgeheven"},{"$i":"ServiceIsEnabled","$v":"Service is ingeschakeld"},{"$i":"ServiceIsDisabled","$v":"Service is uitgeschakeld"},{"$i":"ServiceIsEnabledFor","$v":"Service is ingeschakeld voor:"},{"$i":"emMmiError","$v":"Verbindingsprobleem of ongeldige MMI-code"},{"$i":"emMmiErrorPasswordIncorrect","$v":"Onjuist wachtwoord"},{"$i":"emMmiErrorNotSupported","$v":"Ongeldige of niet ondersteunde MMI-code"},{"$i":"emMmiErrorInvalidAction","$v":"Ongeldige actie"},{"$i":"emMmiErrorInvalidScCode","$v":"Ongeldige servicecode"},{"$i":"emMmiErrorBadPuk","$v":"De PUK-code die u hebt ingevoerd, is onjuist"},{"$i":"emMmiErrorBadPin","$v":"De oude PIN-code die u hebt ingevoerd, is onjuist."},{"$i":"emMmiErrorNeedPuk2","$v":"Typ PUK2 om de SIM-kaart te ontgrendelen"},{"$i":"emMmiErrorMismatchPin","$v":"De PIN-codes die u hebt ingevoerd, komen niet overeen"},{"$i":"emMmiErrorInvalidPin","$v":"Voer een PIN-code van 4 tot 8 cijfers in"},{"$i":"emMmiErrorNeedsPuk","$v":"Uw SIM-kaart is vergrendeld met PUK-code"},{"$i":"emMmiErrorEnablePin","$v":"Mislukt. Schakel SIM/RUIM-vergrendeling in"},{"$i":"emMmiErrorMmiFdn","$v":"Bewerking is beperkt tot vaste nummers"},{"$i":"emMmiErrorStkCcUssdDial","$v":"USSD-verzoek gewijzigd in DIAL-verzoek"},{"$i":"emMmiErrorStkCcUssdSs","$v":"USSD-verzoek gewijzigd in SS-verzoek"},{"$i":"emMmiErrorStkCcUssdUssd","$v":"USSD-verzoek gewijzigd in nieuw USSD-verzoek"},{"$i":"emMmiErrorStkCcSsDial","$v":"SS-verzoek gewijzigd in DIAL-verzoek"},{"$i":"emMmiErrorStkCcSsUssd","$v":"SS-verzoek gewijzigd in USSD-verzoek"},{"$i":"emMmiErrorStkCcSsSs","$v":"SS-verzoek gewijzigd in nieuw SS-verzoek"},{"$i":"emMmiErrorPinPukAttempts","$v":{"few":[{"t":"idOrVar","v":"n"}," resterende pogingen"],"many":[{"t":"idOrVar","v":"n"}," resterende pogingen"],"one":["Slechts ",{"t":"idOrVar","v":"n"}," resterende poging"],"other":[{"t":"idOrVar","v":"n"}," resterende pogingen"],"two":[{"t":"idOrVar","v":"n"}," resterende pogingen"]},"$x":[{"t":"idOrVar","v":"plural"},"n"]},{"$i":"emMmiErrorSimBlocked","$v":"Maximale aantal pogingen overschreden. SIM geblokkeerd"},{"$i":"RadioNotAvailable","$v":"Radio niet beschikbaar"},{"$i":"PasswordIncorrect","$v":"Wachtwoord onjuist"},{"$i":"SimPin2","$v":"SIM PIN2-code"},{"$i":"SimPuk2","$v":"SIM PUK2"},{"$i":"RequestNotSupported","$v":"Verzoek niet ondersteund"},{"$i":"OpNotAllowedDuringVoiceCall","$v":"Bewerking niet toegestaan tijdens spraakoproep"},{"$i":"SmsSendFailRetry","$v":"SMS verzenden mislukt, opnieuw proberen"},{"$i":"SimAbsent","$v":"SIM afwezig"},{"$i":"SubscriptionNotAvailable","$v":"Abonnement niet beschikbaar"},{"$i":"ModeNotSupported","$v":"Modus niet ondersteund"},{"$i":"FdnCheckFailure","$v":"Fdn-controle mislukt"},{"$i":"IllegalSimOrMe","$v":"Illegale SIM of ME"},{"$i":"DialModifiedToUssd","$v":"Bellen gewijzigd in USSD"},{"$i":"DialModifiedToSs","$v":"Bellen gewijzigd in SS"},{"$i":"DialModifiedToDial","$v":"Bellen gewijzigd in bellen"},{"$i":"UssdModifiedToDial","$v":"USSD gewijzigd in bellen"},{"$i":"UssdModifiedToSs","$v":"USSD gewijzigd in SS"},{"$i":"UssdModifiedToUssd","$v":"USSD gewijzigd in USSD"},{"$i":"SsModifiedToDial","$v":"SS gewijzigd in bellen"},{"$i":"SsModifiedToUssd","$v":"SS gewijzigd in USSD"},{"$i":"SsModifiedToSs","$v":"SS gewijzigd in SS"},{"$i":"SubscriptionNotSupported","$v":"Abonnement niet ondersteund"},{"$i":"InvalidParameter","$v":"Ongeldige parameter"},{"$i":"RejectedByRemote","$v":"Geweigerd door afstandsbediening"},{"$i":"GetEmptyUssdPrompt","$v":"Leeg antwoord ontvangen."},{"$i":"label","$v":"Label"},{"$i":"faxHome","$v":"Fax thuis"},{"$i":"faxOffice","$v":"Fax kantoor"},{"$i":"faxOther","$v":"Fax anders"},{"$i":"another","$v":"Andere"},{"$i":"other","$v":"Anders"},{"$i":"tcl-customTag","$v":"Aangepaste tag"},{"$i":"customTag","$v":"Aangepaste tag","placeholder":"Aangepaste tag"},{"$i":"current","$v":"Huidig"},{"$i":"itemWithLabel","$v":[{"t":"idOrVar","v":"label"},", ",{"t":"idOrVar","v":"item"}]},{"$i":"weekday-0-long","$v":"zondag"},{"$i":"weekday-1-long","$v":"maandag"},{"$i":"weekday-2-long","$v":"dinsdag"},{"$i":"weekday-3-long","$v":"woensdag"},{"$i":"weekday-4-long","$v":"donderdag"},{"$i":"weekday-5-long","$v":"vrijdag"},{"$i":"weekday-6-long","$v":"zaterdag"},{"$i":"weekday-0-short","$v":"Zon"},{"$i":"weekday-1-short","$v":"Maa"},{"$i":"weekday-2-short","$v":"Din"},{"$i":"weekday-3-short","$v":"Woe"},{"$i":"weekday-4-short","$v":"Don"},{"$i":"weekday-5-short","$v":"Vrij"},{"$i":"weekday-6-short","$v":"Zat"},{"$i":"month-0-long","$v":"januari"},{"$i":"month-1-long","$v":"februari"},{"$i":"month-2-long","$v":"maart"},{"$i":"month-3-long","$v":"april"},{"$i":"month-4-long","$v":"mei"},{"$i":"month-5-long","$v":"juni"},{"$i":"month-6-long","$v":"juli"},{"$i":"month-7-long","$v":"augustus"},{"$i":"month-8-long","$v":"september"},{"$i":"month-9-long","$v":"oktober"},{"$i":"month-10-long","$v":"november"},{"$i":"month-11-long","$v":"december"},{"$i":"month-0-genitive","$v":"januari"},{"$i":"month-1-genitive","$v":"februari"},{"$i":"month-2-genitive","$v":"maart"},{"$i":"month-3-genitive","$v":"april"},{"$i":"month-4-genitive","$v":"mei"},{"$i":"month-5-genitive","$v":"juni"},{"$i":"month-6-genitive","$v":"juli"},{"$i":"month-7-genitive","$v":"augustus"},{"$i":"month-8-genitive","$v":"september"},{"$i":"month-9-genitive","$v":"oktober"},{"$i":"month-10-genitive","$v":"november"},{"$i":"month-11-genitive","$v":"december"},{"$i":"month-0-short","$v":"Jan"},{"$i":"month-1-short","$v":"Feb"},{"$i":"month-2-short","$v":"Maa"},{"$i":"month-3-short","$v":"Apr"},{"$i":"month-4-short","$v":"mei"},{"$i":"month-5-short","$v":"Jun"},{"$i":"month-6-short","$v":"Jul"},{"$i":"month-7-short","$v":"Aug"},{"$i":"month-8-short","$v":"Sep"},{"$i":"month-9-short","$v":"Okt"},{"$i":"month-10-short","$v":"Nov"},{"$i":"month-11-short","$v":"Dec"},{"$i":"minutes-ago-long","$v":{"few":[{"t":"idOrVar","v":"value"}," minuten geleden"],"many":[{"t":"idOrVar","v":"value"}," minuten geleden"],"one":"een minuut geleden","other":[{"t":"idOrVar","v":"value"}," minuten geleden"],"two":[{"t":"idOrVar","v":"value"}," minuten geleden"],"zero":"zojuist"},"$x":[{"t":"idOrVar","v":"plural"},"value"]},{"$i":"hours-ago-long","$v":{"few":[{"t":"idOrVar","v":"value"}," uur geleden"],"many":[{"t":"idOrVar","v":"value"}," uur geleden"],"one":"een uur geleden","other":[{"t":"idOrVar","v":"value"}," uur geleden"],"two":[{"t":"idOrVar","v":"value"}," uur geleden"],"zero":"zojuist"},"$x":[{"t":"idOrVar","v":"plural"},"value"]},{"$i":"days-ago-long","$v":{"few":[{"t":"idOrVar","v":"value"}," dagen geleden"],"many":[{"t":"idOrVar","v":"value"}," dagen geleden"],"one":"gisteren","other":[{"t":"idOrVar","v":"value"}," dagen geleden"],"two":[{"t":"idOrVar","v":"value"}," dagen geleden"],"zero":"vandaag"},"$x":[{"t":"idOrVar","v":"plural"},"value"]},{"$i":"weeks-ago-long","$v":{"few":[{"t":"idOrVar","v":"value"}," weken geleden"],"many":[{"t":"idOrVar","v":"value"}," weken geleden"],"one":"vorige week","other":[{"t":"idOrVar","v":"value"}," weken geleden"],"two":[{"t":"idOrVar","v":"value"}," weken geleden"],"zero":"deze week"},"$x":[{"t":"idOrVar","v":"plural"},"value"]},{"$i":"months-ago-long","$v":{"few":[{"t":"idOrVar","v":"value"}," maanden geleden"],"many":[{"t":"idOrVar","v":"value"}," maanden geleden"],"one":"vorige maand","other":[{"t":"idOrVar","v":"value"}," maanden geleden"],"two":[{"t":"idOrVar","v":"value"}," maanden geleden"],"zero":"deze maand"},"$x":[{"t":"idOrVar","v":"plural"},"value"]},{"$i":"years-ago-long","$v":{"few":[{"t":"idOrVar","v":"value"}," jaar geleden"],"many":[{"t":"idOrVar","v":"value"}," jaar geleden"],"one":"vorig jaar","other":[{"t":"idOrVar","v":"value"}," jaar geleden"],"two":[{"t":"idOrVar","v":"value"}," jaar geleden"],"zero":"dit jaar"},"$x":[{"t":"idOrVar","v":"plural"},"value"]},{"$i":"minutes-until-long","$v":{"few":["over ",{"t":"idOrVar","v":"value"}," minuten"],"many":["over ",{"t":"idOrVar","v":"value"}," minuten"],"one":"over een minuut","other":["over ",{"t":"idOrVar","v":"value"}," minuten"],"two":["over ",{"t":"idOrVar","v":"value"}," minuten"],"zero":"nu"},"$x":[{"t":"idOrVar","v":"plural"},"value"]},{"$i":"hours-until-long","$v":{"few":["over ",{"t":"idOrVar","v":"value"}," uur"],"many":["over ",{"t":"idOrVar","v":"value"}," uur"],"one":"over een uur","other":["over ",{"t":"idOrVar","v":"value"}," uur"],"two":["over ",{"t":"idOrVar","v":"value"}," uur"],"zero":"nu"},"$x":[{"t":"idOrVar","v":"plural"},"value"]},{"$i":"days-until-long","$v":{"few":["over ",{"t":"idOrVar","v":"value"}," dagen"],"many":["over ",{"t":"idOrVar","v":"value"}," dagen"],"one":"morgen","other":["over ",{"t":"idOrVar","v":"value"}," dagen"],"two":["over ",{"t":"idOrVar","v":"value"}," dagen"],"zero":"vandaag"},"$x":[{"t":"idOrVar","v":"plural"},"value"]},{"$i":"weeks-until-long","$v":{"few":["over ",{"t":"idOrVar","v":"value"}," weken"],"many":["over ",{"t":"idOrVar","v":"value"}," weken"],"one":"volgende week","other":["over ",{"t":"idOrVar","v":"value"}," weken"],"two":["over ",{"t":"idOrVar","v":"value"}," weken"],"zero":"deze week"},"$x":[{"t":"idOrVar","v":"plural"},"value"]},{"$i":"months-until-long","$v":{"few":["over ",{"t":"idOrVar","v":"value"}," maanden"],"many":["over ",{"t":"idOrVar","v":"value"}," maanden"],"one":"volgende maand","other":["over ",{"t":"idOrVar","v":"value"}," maanden"],"two":["over ",{"t":"idOrVar","v":"value"}," maanden"],"zero":"deze maand"},"$x":[{"t":"idOrVar","v":"plural"},"value"]},{"$i":"years-until-long","$v":{"few":["over ",{"t":"idOrVar","v":"value"}," jaar"],"many":["over ",{"t":"idOrVar","v":"value"}," jaar"],"one":"volgend jaar","other":["over ",{"t":"idOrVar","v":"value"}," jaar"],"two":["over ",{"t":"idOrVar","v":"value"}," jaar"],"zero":"dit jaar"},"$x":[{"t":"idOrVar","v":"plural"},"value"]},{"$i":"minutes-ago-short","$v":{"other":[{"t":"idOrVar","v":"value"},"m geleden"],"zero":"zojuist"},"$x":[{"t":"idOrVar","v":"plural"},"value"]},{"$i":"hours-ago-short","$v":{"other":[{"t":"idOrVar","v":"value"},"u geleden"],"zero":"zojuist"},"$x":[{"t":"idOrVar","v":"plural"},"value"]},{"$i":"days-ago-short","$v":{"other":[{"t":"idOrVar","v":"value"},"d geleden"],"zero":"vandaag"},"$x":[{"t":"idOrVar","v":"plural"},"value"]},{"$i":"minutes-until-short","$v":{"other":["over ",{"t":"idOrVar","v":"value"},"m"],"zero":"nu"},"$x":[{"t":"idOrVar","v":"plural"},"value"]},{"$i":"hours-until-short","$v":{"other":["over ",{"t":"idOrVar","v":"value"},"u"],"zero":"nu"},"$x":[{"t":"idOrVar","v":"plural"},"value"]},{"$i":"days-until-short","$v":{"other":["over ",{"t":"idOrVar","v":"value"},"d"],"zero":"vandaag"},"$x":[{"t":"idOrVar","v":"plural"},"value"]},{"$i":"incorrectDate","$v":"(onjuiste datum)"},{"$i":"dateTimeFormat_%c","$v":"%a %b %e %Y %I:%M:%S %p"},{"$i":"dateTimeFormat_%x","$v":"%m/%d/%Y"},{"$i":"dateTimeFormat_%X","$v":"%I:%M:%S %p"},{"$i":"shortTimeFormat","$v":"%I:%M %p"},{"$i":"shortTimeFormat12","$v":"%I:%M %p"},{"$i":"shortTimeFormat24","$v":"%H:%M"},{"$i":"shortDateTimeFormat","$v":"%x %I:%M %p"},{"$i":"weekStartsOnMonday","$v":"0"},{"$i":"firstDayOfTheWeek","$v":"0"},{"$i":"time_am","$v":"AM"},{"$i":"time_pm","$v":"PM"}]