[{"$i":"search-or-enter-address","placeholder":"Căutați sau introduceți o adresă"},{"$i":"delete-title","$v":["Ștergeți ",{"t":"idOrVar","v":"name"}]},{"$i":"delete-body","$v":[{"t":"idOrVar","v":"name"}," și toate datele sale vor fi șterse."]},{"$i":"delete","$v":"Ștergere"},{"$i":"cancel","$v":"Anulare"},{"$i":"apps","$v":"Aplicații"},{"$i":"menu","$v":"Meniu"},{"$i":"notifications","$v":"Notificări"},{"$i":"speed-dial","$v":"Taste rapide"},{"$i":"select","$v":"Selectare"},{"$i":"move","$v":"Mutare"},{"$i":"ok","$v":"OK"},{"$i":"set","$v":"Setare"},{"$i":"edit","$v":"Modificare"},{"$i":"call","$v":"Apel"},{"$i":"message","$v":"Mesaj"},{"$i":"options","$v":"Opțiuni"},{"$i":"assign","$v":"Atribuire"},{"$i":"remove","$v":"Eliminare"},{"$i":"replace","$v":"Înlocuire"},{"$i":"more","$v":"Mai multe"},{"$i":"settings","$v":"Setări"},{"$i":"contacts","$v":"Agendă"},{"$i":"list-view","$v":"Afișare listă"},{"$i":"grid-view","$v":"Afișare ca grilă"},{"$i":"single-view","$v":"Afișare o singură imagine"},{"$i":"skip","$v":"Omitere"},{"$i":"shortcuts","$v":"Comenzi rapide"},{"$i":"next","$v":"Înainte"},{"$i":"voicemail","$v":"Mesagerie vocală"},{"$i":"speed-dial-not-empty","ariaLabel":[{"t":"idOrVar","v":"order"},", ",{"t":"idOrVar","v":"name"}]},{"$i":"speed-dial-empty","ariaLabel":[{"t":"idOrVar","v":"order"},", necompletat"]},{"$i":"remove-speed-dial","$v":["Sigur doriți să eliminați ",{"t":"idOrVar","v":"name"}," din tastele rapide?"]},{"$i":"replace-speed-dial","$v":["Sigur doriți să înlocuiți ",{"t":"idOrVar","v":"name"}," cu ",{"t":"idOrVar","v":"subName"},"?"]},{"$i":"assign-speed-dial","$v":["Contactul nu a fost adăugat la tasta rapidă ",{"t":"idOrVar","v":"n"},". Atribuiți acum?"]},{"$i":"assign-voicemail","$v":"Numărul de mesagerie vocală nu a fost configurat."},{"$i":"alert-for-contacts-without-number","$v":"Nu există contacte cu număr de telefon disponibil."},{"$i":"option-remove","$v":"Eliminare din tastele rapide"},{"$i":"option-replace","$v":"Înlocuire"},{"$i":"all-apps","$v":"Toate aplicațiile"},{"$i":"uninstall","$v":"Dezinstalare"},{"$i":"confirm-to-uninstall-app","$v":["Dezinstalați aplicația ",{"t":"idOrVar","v":"appName"},"?"]},{"$i":"confirm-to-unpin-bookmark","$v":"Anulați fixarea acestui site?"},{"$i":"unpin","$v":"Anulați fixarea"},{"$i":"rename","$v":"Redenumire"},{"$i":"add-to-existing-contact","$v":"Adăugare la contactul existent"},{"$i":"create-new-contact","$v":"Creați un contact nou"},{"$i":"sending","$v":"Se trimite…"},{"$i":"video-call","$v":"Apel video"},{"$i":"callAirplaneModeTitle","$v":"Mod avion activat"},{"$i":"callAirplaneModeMessage","$v":"Pentru a efectua un apel, trebuie să dezactivați modul avion, din Setări."},{"$i":"emergencyDialogTitle","$v":"Nu există conexiune la rețea"},{"$i":"emergencyDialogBodyBadNumber","$v":"Pentru a efectua un apel, telefonul trebuie să fie conectat la o rețea."},{"$i":"emergencyDialogBodyDeviceNotAccepted","$v":"Apelurile de urgență nu sunt permise de rețea."},{"$i":"invalidNumberToDialTitle","$v":"Număr de telefon incorect"},{"$i":"invalidNumberToDialMessage","$v":"Numărul de telefon pe care îl apelați nu este corect."},{"$i":"emergency-call-only","$v":"Numai apeluri de urgență"},{"$i":"emergency-call-error","$v":[{"t":"idOrVar","v":"number"}," nu este un număr de urgență."]},{"$i":"numberIsBusyTitle","$v":"Numărul este ocupat"},{"$i":"numberIsBusyMessage","$v":"Numărul este momentan ocupat. Încercați din nou mai târziu."},{"$i":"fdnIsActiveTitle","$v":"Funcție FDN activă"},{"$i":"fdnIsActiveMessage","$v":["Funcția FDN (Fixed Dialing Numbers - Numere de apelare fixă) este activată, iar numărul următor nu se află pe lista FDN: ",{"t":"idOrVar","v":"number"}]},{"$i":"otherConnectionInUseTitle","$v":"Altă conexiune este în curs de utilizare"},{"$i":"otherConnectionInUseMessage","$v":"Aveți un apel activ într-o altă conexiune. Puteți utiliza o singură conexiune odată."},{"$i":"GenericFailure","$v":"Eroare generică"},{"$i":"CallFailed","$v":"Apel nereușit"},{"$i":"scCallBarring","$v":"Blocare apeluri"},{"$i":"scCallForwarding","$v":"Redirecționare apeluri"},{"$i":"scClip","$v":"Identificator apelant (apel primit)"},{"$i":"scClir","$v":"Identificator apelant (apel efectuat)"},{"$i":"scPwd","$v":"Modificare parolă"},{"$i":"scCallWaiting","$v":"Apel în așteptare"},{"$i":"scPin","$v":"Modificare PIN"},{"$i":"scPin2","$v":"Modificare PIN2"},{"$i":"scPuk","$v":"Deblocare PIN"},{"$i":"scPuk2","$v":"Deblocare PIN2"},{"$i":"scImei","$v":"IMEI"},{"$i":"scMeid","$v":"MEID"},{"$i":"scUssd","$v":"USSD"},{"$i":"deviceIsUnlocked","$v":"Dispozitiv a fost deblocat"},{"$i":"simUnlockCodeAccepted","$v":"Codul de deblocare a cartelei SIM a fost acceptat"},{"$i":"simUnlockCodeFailed","$v":"Deblocarea cartelei SIM nu a reușit"},{"$i":"personal","$v":"Personal"},{"$i":"mobile","$v":"Mobile"},{"$i":"home","$v":"Domiciliu"},{"$i":"work","$v":"Serviciu"},{"$i":"fax-home","$v":"Fax acasă"},{"$i":"fax-office","$v":"Fax birou"},{"$i":"fax-other","$v":"Fax altele"},{"$i":"homescreen-settings","$v":"Setări ecran principal"},{"$i":"change-wallpaper","$v":"Modificați imaginea de fundal"},{"$i":"add-smart-collections","$v":"Adăugare colecții inteligente"},{"$i":"edit-mode","$v":"Modificare"},{"$i":"edit-done","$v":"Gata"},{"$i":"tutorial-for-side-menu-1","$v":"Apăsați tasta STÂNGA pentru a accesa aplicațiile din partea stângă."},{"$i":"tutorial-for-instant-settings-1","$v":"Apăsați tasta SUS pentru setările folosite frecvent."},{"$i":"tutorial-for-notices","$v":"Apăsați tasta din DREAPTA pentru a afișa notificările noi."},{"$i":"tutorial-for-google-assistant-1","$v":["Apăsați lung pe ",{"t":"idOrVar","v":"microphone"}," pentru a vorbi."]},{"$i":"tutorial-for-voice-input-1","$v":["Apăsați lung pe ",{"t":"idOrVar","v":"microphone"}," pentru a introduce vocal textul în câmp."]},{"$i":"stop-download-title","$v":["Oprire ",{"t":"idOrVar","v":"name"}]},{"$i":"stop-download-body","$v":"Doriți să opriți descărcarea în curs?"},{"$i":"stop-download-action","$v":"Oprire"},{"$i":"resume-download-title","$v":"Reluați descărcarea"},{"$i":"resume-download-body","$v":["Doriți să descărcați ",{"t":"idOrVar","v":"name"},"?"]},{"$i":"resume-download-action","$v":"Descărcare"},{"$i":"edit-group-header","$v":"Modificare grup"},{"$i":"tcl-wallpaper-changed","$v":"Imaginea de fundal a fost schimbată"},{"$i":"gaia-shortcut-app-updated","$v":"Aplicație actualizată"},{"$i":"clocks-updated","$v":"Ceasuri actualizate"},{"$i":"longDateFormat","$v":"%A, %B %e"},{"$i":"app-title","$v":"Aplicațiile mele"},{"$i":"app-uninstall","$v":[{"t":"idOrVar","v":"name"}," a fost dezinstalată"]},{"$i":"confirmation","$v":"Confirmare"},{"$i":"clockDateFormat","$v":"%a, %e %b"},{"$i":"sim-with-index-and-carrier","$v":["SIM ",{"t":"idOrVar","v":"index"}," - ",{"t":"idOrVar","v":"carrier"}]},{"$i":"sim-without-carrier","$v":["SIM ",{"t":"idOrVar","v":"index"}]},{"$i":"call-forwarding-async","$v":["Asincron: ",{"t":"idOrVar","v":"async"}]},{"$i":"call-forwarding-data","$v":["Date: ",{"t":"idOrVar","v":"data"}]},{"$i":"call-forwarding-error","$v":"A apărut o eroare la primirea stării redirecționării apelurilor"},{"$i":"call-forwarding-fax","$v":["FAX: ",{"t":"idOrVar","v":"fax"}]},{"$i":"call-forwarding-inactive","$v":"Inactiv"},{"$i":"call-forwarding-packet","$v":["Pachet: ",{"t":"idOrVar","v":"packet"}]},{"$i":"call-forwarding-pad","$v":["PAD: ",{"t":"idOrVar","v":"pad"}]},{"$i":"call-forwarding-sms","$v":["SMS: ",{"t":"idOrVar","v":"sms"}]},{"$i":"call-forwarding-status","$v":"Stare redirecționare apeluri"},{"$i":"call-forwarding-sync","$v":["Sincron: ",{"t":"idOrVar","v":"sync"}]},{"$i":"call-forwarding-voice","$v":["Voce: ",{"t":"idOrVar","v":"voice"}]},{"$i":"serviceClassVoice","$v":"Voce"},{"$i":"serviceClassData","$v":"Date"},{"$i":"serviceClassFax","$v":"FAX"},{"$i":"serviceClassSms","$v":"SMS"},{"$i":"serviceClassDataSync","$v":"Sincronizare"},{"$i":"serviceClassDataAsync","$v":"Asincronizare"},{"$i":"serviceClassPacket","$v":"Pachet"},{"$i":"serviceClassPad","$v":"PAD"},{"$i":"smServiceEnabled","$v":"Serviciul a fost activat"},{"$i":"smServiceDisabled","$v":"Serviciul a fost dezactivat"},{"$i":"smServiceRegistered","$v":"Înregistrarea a reușit"},{"$i":"smServiceErased","$v":"Ștergerea a reușit"},{"$i":"smServiceInterrogated","$v":"Solicitarea a reușit"},{"$i":"smServiceNotProvisioned","$v":"Serviciul nu a fost furnizat"},{"$i":"smClirPermanent","$v":"Nu puteți să modificați setarea pentru identificatorul apelantului"},{"$i":"smClirDefaultOnNextCallOn","$v":"Ca setare implicită, numerele apelanților sunt restricționate. Apelul următor: restricționat"},{"$i":"smClirDefaultOnNextCallOff","$v":"Ca setare implicită, numerele apelanților sunt restricționate. Apelul următor: nerestricționat"},{"$i":"smClirDefaultOffNextCallOn","$v":"Ca setare implicită, numerele apelanților nu sunt restricționate. Apelul următor: restricționat"},{"$i":"smClirDefaultOffNextCallOff","$v":"Ca setare implicită, numerele apelanților nu sunt restricționate. Apelul următor: nerestricționat"},{"$i":"smServiceEnabledFor","$v":"Serviciul a fost activat pentru:"},{"$i":"smPinChanged","$v":"Cod PIN modificat cu succes"},{"$i":"smPinUnblocked","$v":"Cod PIN deblocat cu succes"},{"$i":"smPin2Changed","$v":"Cod PIN2 modificat cu succes"},{"$i":"smPin2Unblocked","$v":"Cod PIN2 deblocat cu succes"},{"$i":"ServiceIsEnabled","$v":"Serviciul este activat"},{"$i":"ServiceIsDisabled","$v":"Serviciul este dezactivat"},{"$i":"ServiceIsEnabledFor","$v":"Serviciul este activat pentru:"},{"$i":"emMmiError","$v":"Problemă de conexiune sau cod MMI incorect"},{"$i":"emMmiErrorPasswordIncorrect","$v":"Parolă incorectă"},{"$i":"emMmiErrorNotSupported","$v":"Cod MMI incorect sau neacceptat"},{"$i":"emMmiErrorInvalidAction","$v":"Acțiune incorectă"},{"$i":"emMmiErrorInvalidScCode","$v":"Cod serviciu incorect"},{"$i":"emMmiErrorBadPuk","$v":"Codul PUK introdus nu este corect"},{"$i":"emMmiErrorBadPin","$v":"Vechiul cod PIN introdus nu este corect."},{"$i":"emMmiErrorNeedPuk2","$v":"Introduceți codul PUK2 pentru deblocarea cartelei SIM"},{"$i":"emMmiErrorMismatchPin","$v":"Codurile PIN introduse nu corespund"},{"$i":"emMmiErrorInvalidPin","$v":"Introduceți un cod PIN de 4–8 cifre"},{"$i":"emMmiErrorNeedsPuk","$v":"Cartela SIM este blocată prin cod PUK"},{"$i":"emMmiErrorEnablePin","$v":"Operațiune nereușită. Activați BLOCAREA SIM/RUIM."},{"$i":"emMmiErrorMmiFdn","$v":"Operațiunea este limitată la numerele de apelare fixă"},{"$i":"emMmiErrorStkCcUssdDial","$v":"Solicitarea USSD este schimbată în solicitare DIAL"},{"$i":"emMmiErrorStkCcUssdSs","$v":"Solicitarea USSD este schimbată în solicitare SS"},{"$i":"emMmiErrorStkCcUssdUssd","$v":"Solicitarea USSD este schimbată într-o nouă solicitare USSD"},{"$i":"emMmiErrorStkCcSsDial","$v":"Solicitarea SS este schimbată în solicitare DIAL"},{"$i":"emMmiErrorStkCcSsUssd","$v":"Solicitarea SS este schimbată în solicitare USSD"},{"$i":"emMmiErrorStkCcSsSs","$v":"Solicitarea SS este schimbată într-o nouă solicitare SS"},{"$i":"emMmiErrorPinPukAttempts","$v":{"few":[{"t":"idOrVar","v":"n"}," încercări rămase"],"many":[{"t":"idOrVar","v":"n"}," încercări rămase"],"one":["Doar ",{"t":"idOrVar","v":"n"}," încercare rămasă"],"other":[{"t":"idOrVar","v":"n"}," încercări rămase"],"two":[{"t":"idOrVar","v":"n"}," încercări rămase"]},"$x":[{"t":"idOrVar","v":"plural"},"n"]},{"$i":"emMmiErrorSimBlocked","$v":"Numărul maxim de încercări a fost depășit. Cartela SIM a fost blocată"},{"$i":"RadioNotAvailable","$v":"Radio not available"},{"$i":"PasswordIncorrect","$v":"Parolă incorectă"},{"$i":"SimPin2","$v":"Codul PIN2 al cartelei SIM"},{"$i":"SimPuk2","$v":"Codul PUK2 al cartelei SIM"},{"$i":"RequestNotSupported","$v":"Solicitarea nu este acceptată"},{"$i":"OpNotAllowedDuringVoiceCall","$v":"Operațiune nepermisă în timpul unui apel vocal"},{"$i":"SmsSendFailRetry","$v":"Reîncercare trimitere SMS nereușită"},{"$i":"SimAbsent","$v":"Cartelă SIM lipsă"},{"$i":"SubscriptionNotAvailable","$v":"Abonamentul nu este disponibil"},{"$i":"ModeNotSupported","$v":"Modul nu este acceptat"},{"$i":"FdnCheckFailure","$v":"Verificare nereușită a numerelor de apelare fixă"},{"$i":"IllegalSimOrMe","$v":"SIM sau ME nepermis"},{"$i":"DialModifiedToUssd","$v":"Dial modified to USSD"},{"$i":"DialModifiedToSs","$v":"Dial modified to SS"},{"$i":"DialModifiedToDial","$v":"Dial modified to dial"},{"$i":"UssdModifiedToDial","$v":"USSD a fost schimbat în apelare"},{"$i":"UssdModifiedToSs","$v":"USSD a fost schimbat în SS"},{"$i":"UssdModifiedToUssd","$v":"USSD a fost schimbat în USSD"},{"$i":"SsModifiedToDial","$v":"SS a fost schimbat în apelare"},{"$i":"SsModifiedToUssd","$v":"SS a fost schimbat în USSD"},{"$i":"SsModifiedToSs","$v":"SS a fost schimbat în SS"},{"$i":"SubscriptionNotSupported","$v":"Abonamentul nu este acceptat"},{"$i":"InvalidParameter","$v":"Parametru incorect"},{"$i":"RejectedByRemote","$v":"Respins de la distanță"},{"$i":"GetEmptyUssdPrompt","$v":"Nu s-a primit niciun răspuns."},{"$i":"label","$v":"Etichetă"},{"$i":"faxHome","$v":"Fax acasă"},{"$i":"faxOffice","$v":"Fax birou"},{"$i":"faxOther","$v":"Fax altele"},{"$i":"another","$v":"Altul/Alta"},{"$i":"other","$v":"Altele"},{"$i":"tcl-customTag","$v":"Etichetă personalizată"},{"$i":"customTag","$v":"Etichetă personalizată","placeholder":"Etichetă personalizată"},{"$i":"current","$v":"Actual"},{"$i":"itemWithLabel","$v":[{"t":"idOrVar","v":"label"},", ",{"t":"idOrVar","v":"item"}]},{"$i":"weekday-0-long","$v":"Duminică"},{"$i":"weekday-1-long","$v":"Luni"},{"$i":"weekday-2-long","$v":"Marți"},{"$i":"weekday-3-long","$v":"Miercuri"},{"$i":"weekday-4-long","$v":"Joi"},{"$i":"weekday-5-long","$v":"Vineri"},{"$i":"weekday-6-long","$v":"Sâmbătă"},{"$i":"weekday-0-short","$v":"Dum"},{"$i":"weekday-1-short","$v":"Lun"},{"$i":"weekday-2-short","$v":"Mar"},{"$i":"weekday-3-short","$v":"Mie"},{"$i":"weekday-4-short","$v":"Joi"},{"$i":"weekday-5-short","$v":"Vin"},{"$i":"weekday-6-short","$v":"Sâm"},{"$i":"month-0-long","$v":"Ianuarie"},{"$i":"month-1-long","$v":"Februarie"},{"$i":"month-2-long","$v":"Martie"},{"$i":"month-3-long","$v":"Aprilie"},{"$i":"month-4-long","$v":"Mai"},{"$i":"month-5-long","$v":"Iunie"},{"$i":"month-6-long","$v":"Iulie"},{"$i":"month-7-long","$v":"August"},{"$i":"month-8-long","$v":"Septembrie"},{"$i":"month-9-long","$v":"Octombrie"},{"$i":"month-10-long","$v":"Noiembrie"},{"$i":"month-11-long","$v":"Decembrie"},{"$i":"month-0-genitive","$v":"Ianuarie"},{"$i":"month-1-genitive","$v":"Februarie"},{"$i":"month-2-genitive","$v":"Martie"},{"$i":"month-3-genitive","$v":"Aprilie"},{"$i":"month-4-genitive","$v":"Mai"},{"$i":"month-5-genitive","$v":"Iunie"},{"$i":"month-6-genitive","$v":"Iulie"},{"$i":"month-7-genitive","$v":"August"},{"$i":"month-8-genitive","$v":"Septembrie"},{"$i":"month-9-genitive","$v":"Octombrie"},{"$i":"month-10-genitive","$v":"Noiembrie"},{"$i":"month-11-genitive","$v":"Decembrie"},{"$i":"month-0-short","$v":"Ian"},{"$i":"month-1-short","$v":"Feb"},{"$i":"month-2-short","$v":"Mar"},{"$i":"month-3-short","$v":"Apr"},{"$i":"month-4-short","$v":"Mai"},{"$i":"month-5-short","$v":"Iun"},{"$i":"month-6-short","$v":"Iul"},{"$i":"month-7-short","$v":"Aug"},{"$i":"month-8-short","$v":"Sep"},{"$i":"month-9-short","$v":"Oct"},{"$i":"month-10-short","$v":"Nov"},{"$i":"month-11-short","$v":"Dec"},{"$i":"minutes-ago-long","$v":{"few":["în urmă cu ",{"t":"idOrVar","v":"value"}," minute"],"many":["în urmă cu ",{"t":"idOrVar","v":"value"}," minute"],"one":"în urmă cu un minut","other":["în urmă cu ",{"t":"idOrVar","v":"value"}," minute"],"two":["în urmă cu ",{"t":"idOrVar","v":"value"}," minute"],"zero":"chiar acum"},"$x":[{"t":"idOrVar","v":"plural"},"value"]},{"$i":"hours-ago-long","$v":{"few":["în urmă cu ",{"t":"idOrVar","v":"value"}," ore"],"many":["în urmă cu ",{"t":"idOrVar","v":"value"}," ore"],"one":"în urmă cu o oră","other":["în urmă cu ",{"t":"idOrVar","v":"value"}," ore"],"two":["în urmă cu ",{"t":"idOrVar","v":"value"}," ore"],"zero":"chiar acum"},"$x":[{"t":"idOrVar","v":"plural"},"value"]},{"$i":"days-ago-long","$v":{"few":["În urmă cu ",{"t":"idOrVar","v":"value"}," zile"],"many":["În urmă cu ",{"t":"idOrVar","v":"value"}," zile"],"one":"ieri","other":["În urmă cu ",{"t":"idOrVar","v":"value"}," zile"],"two":["În urmă cu ",{"t":"idOrVar","v":"value"}," zile"],"zero":"astăzi"},"$x":[{"t":"idOrVar","v":"plural"},"value"]},{"$i":"weeks-ago-long","$v":{"few":["în urmă cu ",{"t":"idOrVar","v":"value"}," săptămâni"],"many":["în urmă cu ",{"t":"idOrVar","v":"value"}," săptămâni"],"one":"săptămâna trecută","other":["în urmă cu ",{"t":"idOrVar","v":"value"}," săptămâni"],"two":["în urmă cu ",{"t":"idOrVar","v":"value"}," săptămâni"],"zero":"săptămâna aceasta"},"$x":[{"t":"idOrVar","v":"plural"},"value"]},{"$i":"months-ago-long","$v":{"few":["în urmă cu ",{"t":"idOrVar","v":"value"}," luni"],"many":["în urmă cu ",{"t":"idOrVar","v":"value"}," luni"],"one":"luna trecută","other":["în urmă cu ",{"t":"idOrVar","v":"value"}," luni"],"two":["în urmă cu ",{"t":"idOrVar","v":"value"}," luni"],"zero":"această lună"},"$x":[{"t":"idOrVar","v":"plural"},"value"]},{"$i":"years-ago-long","$v":{"few":["în urmă cu ",{"t":"idOrVar","v":"value"}," ani"],"many":["în urmă cu ",{"t":"idOrVar","v":"value"}," ani"],"one":"anul trecut","other":["în urmă cu ",{"t":"idOrVar","v":"value"}," ani"],"two":["în urmă cu ",{"t":"idOrVar","v":"value"}," ani"],"zero":"anul acesta"},"$x":[{"t":"idOrVar","v":"plural"},"value"]},{"$i":"minutes-until-long","$v":{"few":["peste ",{"t":"idOrVar","v":"value"}," minute"],"many":["peste ",{"t":"idOrVar","v":"value"}," minute"],"one":"peste un minut","other":["peste ",{"t":"idOrVar","v":"value"}," minute"],"two":["peste ",{"t":"idOrVar","v":"value"}," minute"],"zero":"acum"},"$x":[{"t":"idOrVar","v":"plural"},"value"]},{"$i":"hours-until-long","$v":{"few":["peste ",{"t":"idOrVar","v":"value"}," ore"],"many":["peste ",{"t":"idOrVar","v":"value"}," ore"],"one":"peste o oră","other":["peste ",{"t":"idOrVar","v":"value"}," ore"],"two":["peste ",{"t":"idOrVar","v":"value"}," ore"],"zero":"acum"},"$x":[{"t":"idOrVar","v":"plural"},"value"]},{"$i":"days-until-long","$v":{"few":["peste ",{"t":"idOrVar","v":"value"}," zile"],"many":["peste ",{"t":"idOrVar","v":"value"}," zile"],"one":"mâine","other":["peste ",{"t":"idOrVar","v":"value"}," zile"],"two":["peste ",{"t":"idOrVar","v":"value"}," zile"],"zero":"astăzi"},"$x":[{"t":"idOrVar","v":"plural"},"value"]},{"$i":"weeks-until-long","$v":{"few":["peste ",{"t":"idOrVar","v":"value"}," săptămâni"],"many":["peste ",{"t":"idOrVar","v":"value"}," săptămâni"],"one":"săptămâna viitoare","other":["peste ",{"t":"idOrVar","v":"value"}," săptămâni"],"two":["peste ",{"t":"idOrVar","v":"value"}," săptămâni"],"zero":"săptămâna aceasta"},"$x":[{"t":"idOrVar","v":"plural"},"value"]},{"$i":"months-until-long","$v":{"few":["peste ",{"t":"idOrVar","v":"value"}," luni"],"many":["peste ",{"t":"idOrVar","v":"value"}," luni"],"one":"luna următoare","other":["peste ",{"t":"idOrVar","v":"value"}," luni"],"two":["peste ",{"t":"idOrVar","v":"value"}," luni"],"zero":"această lună"},"$x":[{"t":"idOrVar","v":"plural"},"value"]},{"$i":"years-until-long","$v":{"few":["peste ",{"t":"idOrVar","v":"value"}," ani"],"many":["peste ",{"t":"idOrVar","v":"value"}," ani"],"one":"anul viitor","other":["peste ",{"t":"idOrVar","v":"value"}," ani"],"two":["peste ",{"t":"idOrVar","v":"value"}," ani"],"zero":"anul acesta"},"$x":[{"t":"idOrVar","v":"plural"},"value"]},{"$i":"minutes-ago-short","$v":{"other":["în urmă cu ",{"t":"idOrVar","v":"value"}," m"],"zero":"chiar acum"},"$x":[{"t":"idOrVar","v":"plural"},"value"]},{"$i":"hours-ago-short","$v":{"other":["în urmă cu ",{"t":"idOrVar","v":"value"}," h"],"zero":"chiar acum"},"$x":[{"t":"idOrVar","v":"plural"},"value"]},{"$i":"days-ago-short","$v":{"other":["În urmă cu ",{"t":"idOrVar","v":"value"}," z"],"zero":"astăzi"},"$x":[{"t":"idOrVar","v":"plural"},"value"]},{"$i":"minutes-until-short","$v":{"other":["peste ",{"t":"idOrVar","v":"value"}," m"],"zero":"acum"},"$x":[{"t":"idOrVar","v":"plural"},"value"]},{"$i":"hours-until-short","$v":{"other":["peste ",{"t":"idOrVar","v":"value"}," h"],"zero":"acum"},"$x":[{"t":"idOrVar","v":"plural"},"value"]},{"$i":"days-until-short","$v":{"other":["peste ",{"t":"idOrVar","v":"value"}," z"],"zero":"astăzi"},"$x":[{"t":"idOrVar","v":"plural"},"value"]},{"$i":"incorrectDate","$v":"(dată incorectă)"},{"$i":"dateTimeFormat_%c","$v":"%a %b %e %Y %I:%M:%S %p"},{"$i":"dateTimeFormat_%x","$v":"%m/%d/%Y"},{"$i":"dateTimeFormat_%X","$v":"%I:%M:%S %p"},{"$i":"shortTimeFormat","$v":"%I:%M %p"},{"$i":"shortTimeFormat12","$v":"%I:%M %p"},{"$i":"shortTimeFormat24","$v":"%H:%M"},{"$i":"shortDateTimeFormat","$v":"%x %I:%M %p"},{"$i":"weekStartsOnMonday","$v":"0"},{"$i":"firstDayOfTheWeek","$v":"0"},{"$i":"time_am","$v":"AM"},{"$i":"time_pm","$v":"PM"}]