[{"$i":"search-or-enter-address","placeholder":"Tafuta au ingiza anwani"},{"$i":"delete-title","$v":["Futa ",{"t":"idOrVar","v":"name"}]},{"$i":"delete-body","$v":[{"t":"idOrVar","v":"Name"}," na data yake yote itafutwa."]},{"$i":"delete","$v":"Futa"},{"$i":"cancel","$v":"Ghairi"},{"$i":"apps","$v":"Programu"},{"$i":"menu","$v":"Menyu"},{"$i":"notifications","$v":"Notisi"},{"$i":"speed-dial","$v":"Kidayo cha Kasi"},{"$i":"select","$v":"Chagua"},{"$i":"move","$v":"Sogeza"},{"$i":"ok","$v":"SAWA"},{"$i":"set","$v":"Weka"},{"$i":"edit","$v":"Hariri"},{"$i":"call","$v":"Piga simu"},{"$i":"message","$v":"Ujumbe"},{"$i":"options","$v":"Chaguo"},{"$i":"assign","$v":"Panga"},{"$i":"remove","$v":"Ondoa"},{"$i":"replace","$v":"Badilisha"},{"$i":"more","$v":"Zaidi"},{"$i":"settings","$v":"Mipangilio"},{"$i":"contacts","$v":"Anwani"},{"$i":"list-view","$v":"Mwonekano wa Orodha"},{"$i":"grid-view","$v":"Mwonekano wa Gridi"},{"$i":"single-view","$v":"Mwonekano Mmoja"},{"$i":"skip","$v":"Ruka"},{"$i":"shortcuts","$v":"Njia mkato"},{"$i":"next","$v":"Inayofuata"},{"$i":"voicemail","$v":"Ujumbe wa sauti"},{"$i":"speed-dial-not-empty","ariaLabel":[{"t":"idOrVar","v":"order"},", ",{"t":"idOrVar","v":"name"}]},{"$i":"speed-dial-empty","ariaLabel":[{"t":"idOrVar","v":"order"},", tupu"]},{"$i":"remove-speed-dial","$v":["Una uhakika unataka kumuondoa ",{"t":"idOrVar","v":"name"}," kutoka kwenye Kidayo cha Kasi?"]},{"$i":"replace-speed-dial","$v":["Una uhakika unataka kubadilisha ",{"t":"idOrVar","v":"name"}," na ",{"t":"idOrVar","v":"subName"}," ?"]},{"$i":"assign-speed-dial","$v":["Anwani haikuongezwa kama kidayo cha kasi kwenye kifute cha ",{"t":"idOrVar","v":"n"},". Unataka kuipanga sasa hivi?"]},{"$i":"assign-voicemail","$v":"Nambari ya ujumbe wa sauti haijawekwa."},{"$i":"alert-for-contacts-without-number","$v":"Hakuna anwani yenye nambari ya simu inapatikana."},{"$i":"option-remove","$v":"Ondoa kutoka Kidayo cha Kasi"},{"$i":"option-replace","$v":"Badilisha"},{"$i":"all-apps","$v":"Programu zote"},{"$i":"uninstall","$v":"Sakinusha"},{"$i":"confirm-to-uninstall-app","$v":["Unataka kusakinusha programu ya ",{"t":"idOrVar","v":"appName"},"?"]},{"$i":"confirm-to-unpin-bookmark","$v":"Ungependa kubanua kwenye tovuti?"},{"$i":"unpin","$v":"Banua"},{"$i":"rename","$v":"Badilisha jina"},{"$i":"add-to-existing-contact","$v":"Ongeza kwenye Anwani Iliyopo"},{"$i":"create-new-contact","$v":"Unda Anwani Mpya"},{"$i":"sending","$v":"Inatuma..."},{"$i":"video-call","$v":"Simu ya video"},{"$i":"callAirplaneModeTitle","$v":"Modi ya ndege imeamilishwa"},{"$i":"callAirplaneModeMessage","$v":"Ili upige simu unahitaji kulemaza modi ya ndege katika mipangilio."},{"$i":"emergencyDialogTitle","$v":"Hakuna muunganisho wa mtandao"},{"$i":"emergencyDialogBodyBadNumber","$v":"Ili upige simu, lazime simu iwe imeunganishwa kwenye mtandao."},{"$i":"emergencyDialogBodyDeviceNotAccepted","$v":"Simu za dharura haziruhusiwi na mtandao."},{"$i":"invalidNumberToDialTitle","$v":"Nambari ya simu isiyo halali"},{"$i":"invalidNumberToDialMessage","$v":"Nambari ya simu unayopiga sio halali"},{"$i":"emergency-call-only","$v":"Simu za Dharura Pekee"},{"$i":"emergency-call-error","$v":[{"t":"idOrVar","v":"number"}," sio nambari ya dharura."]},{"$i":"numberIsBusyTitle","$v":"Nambati inatumika"},{"$i":"numberIsBusyMessage","$v":"Nambari inatumika kwa sasa. Tafadhali jaribu tena baadaye."},{"$i":"fdnIsActiveTitle","$v":"FDN imeamilishwa"},{"$i":"fdnIsActiveMessage","$v":["FDN (Nambari ya Simu ya Kudumu) imeamilishwa na nambari inayofuata haiko katika orodha yako ya FDN: ",{"t":"idOrVar","v":"number"}]},{"$i":"otherConnectionInUseTitle","$v":"Muunganisho mwingine unatumika"},{"$i":"otherConnectionInUseMessage","$v":"Una simu inayoendelea kwenye muunganisho mwingine. Unaweza kutumia muunganisho mmoja tu kwa wakati mmoja."},{"$i":"GenericFailure","$v":"Hitilafu jenasi"},{"$i":"CallFailed","$v":"Simu haijafaulu"},{"$i":"scCallBarring","$v":"Uzuiaji wa simu"},{"$i":"scCallForwarding","$v":"Upelekaji mbele wa simu"},{"$i":"scClip","$v":"Utambulisho wa Simu Inayoingia"},{"$i":"scClir","$v":"Utambulisho wa Simu Inayotoka"},{"$i":"scPwd","$v":"Badilisha nenosiri"},{"$i":"scCallWaiting","$v":"Kusubiri kwa simu"},{"$i":"scPin","$v":"Ubadilishaji wa PIN"},{"$i":"scPin2","$v":"Ubadilishaji wa PIN2"},{"$i":"scPuk","$v":"Ruhusu PIN"},{"$i":"scPuk2","$v":"Ruhusu PIN2"},{"$i":"scImei","$v":"IMEI"},{"$i":"scMeid","$v":"MEID"},{"$i":"scUssd","$v":"USSD"},{"$i":"deviceIsUnlocked","$v":"Kifaa kimefungunguliwa"},{"$i":"simUnlockCodeAccepted","$v":"Msimbo wa kufungua simu umekubaliwa"},{"$i":"simUnlockCodeFailed","$v":"SIM haijafunguka."},{"$i":"personal","$v":"Ya kibinafsi"},{"$i":"mobile","$v":"Simu ya mkononi"},{"$i":"home","$v":"Nyumbani"},{"$i":"work","$v":"Kazi"},{"$i":"fax-home","$v":"Tuma faksi nyumbani"},{"$i":"fax-office","$v":"Tuma faksi ofisini"},{"$i":"fax-other","$v":"Tuma faksi mahali pengine"},{"$i":"homescreen-settings","$v":"Mpangilio ya Skrini ya Mwanzo"},{"$i":"change-wallpaper","$v":"Badilisha Pazia"},{"$i":"add-smart-collections","$v":"Ongeza Mkusanyiko Mahiri"},{"$i":"edit-mode","$v":"Hariri"},{"$i":"edit-done","$v":"Gotoka"},{"$i":"tutorial-for-side-menu-1","$v":"Bonyeza kitufe cha KUSHOTO ili ufikie programu zilizo kushoto."},{"$i":"tutorial-for-instant-settings-1","$v":"Bonyeza kitufe cha JUU ili uone mipangilio inayotumiwa mara nyingi."},{"$i":"tutorial-for-notices","$v":"Bonyeza kitufe cha KULIA ili one arifa mpya"},{"$i":"tutorial-for-google-assistant-1","$v":["Bonyeza ",{"t":"idOrVar","v":"microphone"}," ili uzungumze."]},{"$i":"tutorial-for-voice-input-1","$v":["Bonyeza ",{"t":"idOrVar","v":"microphone"}," kwa muda mrefu ili uzungumze katika sehemu ya maandishi."]},{"$i":"stop-download-title","$v":["Simamisha ",{"t":"idOrVar","v":"name"}]},{"$i":"stop-download-body","$v":"Unataka kusimamisha upakuzi unaoendelea?"},{"$i":"stop-download-action","$v":"Simamisha"},{"$i":"resume-download-title","$v":"Anzisha Upakuzi Upya"},{"$i":"resume-download-body","$v":["Unataka kupakua ",{"t":"idOrVar","v":"name"},"?"]},{"$i":"resume-download-action","$v":"Pakua"},{"$i":"edit-group-header","$v":"Hariri kundi"},{"$i":"tcl-wallpaper-changed","$v":"Pazia imebadilishwa"},{"$i":"gaia-shortcut-app-updated","$v":"Programu imesasishwa"},{"$i":"clocks-updated","$v":"Saa zimesasishwa"},{"$i":"longDateFormat","$v":"%A, %B %e"},{"$i":"app-title","$v":"Programu Zangu"},{"$i":"app-uninstall","$v":[{"t":"idOrVar","v":"name"}," ilisakinushwa"]},{"$i":"confirmation","$v":"Uthibitishaji"},{"$i":"clockDateFormat","$v":"%a, %e %b"},{"$i":"sim-with-index-and-carrier","$v":["SIM ",{"t":"idOrVar","v":"index"}," - ",{"t":"idOrVar","v":"carrier"}]},{"$i":"sim-without-carrier","$v":["SIM ",{"t":"idOrVar","v":"index"}]},{"$i":"call-forwarding-async","$v":["Solandanifu: ",{"t":"idOrVar","v":"async"}]},{"$i":"call-forwarding-data","$v":["Data: ",{"t":"idOrVar","v":"data"}]},{"$i":"call-forwarding-error","$v":"Hitilafu ilitokea wakati wa kuepua hali ya usambazaji wa simu"},{"$i":"call-forwarding-fax","$v":["FAKSI: ",{"t":"idOrVar","v":"fax"}]},{"$i":"call-forwarding-inactive","$v":"Sio amilifu"},{"$i":"call-forwarding-packet","$v":["Pakiti: ",{"t":"idOrVar","v":"packet"}]},{"$i":"call-forwarding-pad","$v":["PEDI: ",{"t":"idOrVar","v":"pad"}]},{"$i":"call-forwarding-sms","$v":["SMS: ",{"t":"idOrVar","v":"sms"}]},{"$i":"call-forwarding-status","$v":"Hali ya usambazaji wa simu"},{"$i":"call-forwarding-sync","$v":["Landanifu: ",{"t":"idOrVar","v":"sync"}]},{"$i":"call-forwarding-voice","$v":["Sauti: ",{"t":"idOrVar","v":"voice"}]},{"$i":"serviceClassVoice","$v":"Sauti"},{"$i":"serviceClassData","$v":"Data"},{"$i":"serviceClassFax","$v":"FAKSI"},{"$i":"serviceClassSms","$v":"SMS"},{"$i":"serviceClassDataSync","$v":"Landanisha"},{"$i":"serviceClassDataAsync","$v":"Tenganisha"},{"$i":"serviceClassPacket","$v":"Pakiti"},{"$i":"serviceClassPad","$v":"PAD"},{"$i":"smServiceEnabled","$v":"Huduma iliwezeshwa"},{"$i":"smServiceDisabled","$v":"Huduma imelemazwa"},{"$i":"smServiceRegistered","$v":"Usajili ulifaulu"},{"$i":"smServiceErased","$v":"Ufutaji ulifaulu"},{"$i":"smServiceInterrogated","$v":"Agizo lilifaulu"},{"$i":"smServiceNotProvisioned","$v":"Huduma haijatolewa"},{"$i":"smClirPermanent","$v":"Huwezi kubadilisha mpangilio wa kitambulishi cha mpigaji simu."},{"$i":"smClirDefaultOnNextCallOn","$v":"Kama chaguo-msingi utambulisho wa mpiga simu umezuiwa. Simu inayofuata: Zuiliwa"},{"$i":"smClirDefaultOnNextCallOff","$v":"Kama chaguo-msingi utambulisho wa mpiga simu umezuiwa. Simu inayofuata: Haijazuiwa"},{"$i":"smClirDefaultOffNextCallOn","$v":"Kama chaguo-msingi utambulisho wa mpiga simu haujazuiwa. Simu inayofuata: Imezuiwa"},{"$i":"smClirDefaultOffNextCallOff","$v":"Kama chaguo-msingi utambulisho wa mpiga simu haujazuiwa. Simu inayofuata: Haijazuiwa"},{"$i":"smServiceEnabledFor","$v":"Huduma iliwezeshwa kwa:"},{"$i":"smPinChanged","$v":"PIN imebadilishwa kwa mafanikio"},{"$i":"smPinUnblocked","$v":"PIN imeruhusiwa kwa mafanikio"},{"$i":"smPin2Changed","$v":"PIN2 imebadilishwa kwa mafanikio"},{"$i":"smPin2Unblocked","$v":"PIN2 imeruhusiwa kwa mafanikio"},{"$i":"ServiceIsEnabled","$v":"Huduma imewezeshwa"},{"$i":"ServiceIsDisabled","$v":"Huduma imelemazwa"},{"$i":"ServiceIsEnabledFor","$v":"Huduma imewezeshwa kwa:"},{"$i":"emMmiError","$v":"Tatizo la muunganisho au msimbo wa MMI sio halali"},{"$i":"emMmiErrorPasswordIncorrect","$v":"Nenosiri Sio Halali"},{"$i":"emMmiErrorNotSupported","$v":"Msimbo wa MMI Sio Halalu au Haaukubaliki"},{"$i":"emMmiErrorInvalidAction","$v":"Hatua sio halali"},{"$i":"emMmiErrorInvalidScCode","$v":"Msimbo wa huduma sio halali"},{"$i":"emMmiErrorBadPuk","$v":"PUK uliyocharaza sio sahihi."},{"$i":"emMmiErrorBadPin","$v":"PIN ya zamani uliyocharaza sio sahihi."},{"$i":"emMmiErrorNeedPuk2","$v":"Charaza PUK2 ili uruhusu kadi ya SIM"},{"$i":"emMmiErrorMismatchPin","$v":"PIN ulizocharaza hazilingani"},{"$i":"emMmiErrorInvalidPin","$v":"Charaza PIN yenye nambari 4 hadi 8"},{"$i":"emMmiErrorNeedsPuk","$v":"Kadi yako ya SIM imefungwa na PUK"},{"$i":"emMmiErrorEnablePin","$v":"Haijafaulu. Wezesha UFUNGAJI wa SIM/RUIM"},{"$i":"emMmiErrorMmiFdn","$v":"Shughuli imeziuwa kwenye nambari za kudayo za kudumu pekee"},{"$i":"emMmiErrorStkCcUssdDial","$v":"Agizo la USSD limerekebishwa kuwa agizo la KUDAYO"},{"$i":"emMmiErrorStkCcUssdSs","$v":"Agizo la USSD limerekebishwa kuwa agizo la SS"},{"$i":"emMmiErrorStkCcUssdUssd","$v":"Agizo la USSD limerekebishwa kuwa agizo lipya la USSD"},{"$i":"emMmiErrorStkCcSsDial","$v":"Agizo la SS limerekebishwa kuwa agizo la KUDAYO"},{"$i":"emMmiErrorStkCcSsUssd","$v":"Agizo la SS limerekebishwa kuwa agizo la USSD"},{"$i":"emMmiErrorStkCcSsSs","$v":"Agizo la SS limerekebishwa kuwa agizo lipya la SS"},{"$i":"emMmiErrorPinPukAttempts","$v":{"few":["Umesalia na majaribio ",{"t":"idOrVar","v":"n"}," mapya"],"many":["Umesalia na majaribio ",{"t":"idOrVar","v":"n"}," mapya"],"one":["Umesalia na jaribio ",{"t":"idOrVar","v":"n"}," mapya pekee"],"other":["Umesalia na majaribio ",{"t":"idOrVar","v":"n"}," mapya"],"two":["Umesalia na majaribio ",{"t":"idOrVar","v":"n"}," mapya"]},"$x":[{"t":"idOrVar","v":"plural"},"n"]},{"$i":"emMmiErrorSimBlocked","$v":"Idadi ya upeo ya majaribio imezidishwa. SIM imezibwa"},{"$i":"RadioNotAvailable","$v":"Redio haipatikani"},{"$i":"PasswordIncorrect","$v":"Nenosiri sio sahihi"},{"$i":"SimPin2","$v":"PIN2 ya SIM"},{"$i":"SimPuk2","$v":"PUK2 ya SIM"},{"$i":"RequestNotSupported","$v":"Agizo halikubaliwi"},{"$i":"OpNotAllowedDuringVoiceCall","$v":"Shughuli haikubaliwi wakati wa simu ya sauti"},{"$i":"SmsSendFailRetry","$v":"Utumaji wa SMS haujafaulu jaribu tena"},{"$i":"SimAbsent","$v":"SIM haipo"},{"$i":"SubscriptionNotAvailable","$v":"Usajili haupatikani"},{"$i":"ModeNotSupported","$v":"Modi haikubaliwi"},{"$i":"FdnCheckFailure","$v":"Hitilafu ya ukaguaji wa FDN"},{"$i":"IllegalSimOrMe","$v":"SIM au ME sio halali"},{"$i":"DialModifiedToUssd","$v":"Kudayo kubadilishwa kuwa USSD"},{"$i":"DialModifiedToSs","$v":"Kudayo kubadilishwa kuwa SS"},{"$i":"DialModifiedToDial","$v":"Kudayo kubadilishwa kuwa kudayo"},{"$i":"UssdModifiedToDial","$v":"USSD imebadilisha kuwa kudayo"},{"$i":"UssdModifiedToSs","$v":"USSD imebadilisha kuwa SS"},{"$i":"UssdModifiedToUssd","$v":"USSD imebadilisha kuwa USSD"},{"$i":"SsModifiedToDial","$v":"SS imebadilisha kuwa kudayo"},{"$i":"SsModifiedToUssd","$v":"SS imebadilisha kuwa USSD"},{"$i":"SsModifiedToSs","$v":"SS imebadilisha kuwa SS"},{"$i":"SubscriptionNotSupported","$v":"Usajili haukubaliwi"},{"$i":"InvalidParameter","$v":"Kipengele batili"},{"$i":"RejectedByRemote","$v":"Imekataliwa na rimoti"},{"$i":"GetEmptyUssdPrompt","$v":"Imepokea jibu tupu."},{"$i":"label","$v":"Lebo"},{"$i":"faxHome","$v":"Tuma faksi nyumbani"},{"$i":"faxOffice","$v":"Tuma faksi ofisini"},{"$i":"faxOther","$v":"Tuma faksi mahali pengine"},{"$i":"another","$v":"Nyingine"},{"$i":"other","$v":"Nyingine"},{"$i":"tcl-customTag","$v":"Tagi kaida"},{"$i":"customTag","$v":"Tagi kaida","placeholder":"Tagi kaida"},{"$i":"current","$v":"Ya sasa"},{"$i":"itemWithLabel","$v":[{"t":"idOrVar","v":"label"},", ",{"t":"idOrVar","v":"item"}]},{"$i":"weekday-0-long","$v":"Jumapili"},{"$i":"weekday-1-long","$v":"Jumatatu"},{"$i":"weekday-2-long","$v":"Jumanne"},{"$i":"weekday-3-long","$v":"Jumatano"},{"$i":"weekday-4-long","$v":"Alhamisi"},{"$i":"weekday-5-long","$v":"Ijumaa"},{"$i":"weekday-6-long","$v":"Jumamosi"},{"$i":"weekday-0-short","$v":"Jumapili"},{"$i":"weekday-1-short","$v":"Jumatatu"},{"$i":"weekday-2-short","$v":"Jumanne"},{"$i":"weekday-3-short","$v":"Jumatano"},{"$i":"weekday-4-short","$v":"Alhamisi"},{"$i":"weekday-5-short","$v":"Ijumaa"},{"$i":"weekday-6-short","$v":"Jumamosi"},{"$i":"month-0-long","$v":"Januari"},{"$i":"month-1-long","$v":"Februari"},{"$i":"month-2-long","$v":"Machi"},{"$i":"month-3-long","$v":"Aprili"},{"$i":"month-4-long","$v":"Mei"},{"$i":"month-5-long","$v":"Juni"},{"$i":"month-6-long","$v":"Julai"},{"$i":"month-7-long","$v":"Agosti"},{"$i":"month-8-long","$v":"Septemba"},{"$i":"month-9-long","$v":"Oktoba"},{"$i":"month-10-long","$v":"Novemba"},{"$i":"month-11-long","$v":"Desemba"},{"$i":"month-0-genitive","$v":"Januari"},{"$i":"month-1-genitive","$v":"Februari"},{"$i":"month-2-genitive","$v":"Machi"},{"$i":"month-3-genitive","$v":"Aprili"},{"$i":"month-4-genitive","$v":"Mei"},{"$i":"month-5-genitive","$v":"Juni"},{"$i":"month-6-genitive","$v":"Julai"},{"$i":"month-7-genitive","$v":"Agosti"},{"$i":"month-8-genitive","$v":"Septemba"},{"$i":"month-9-genitive","$v":"Oktoba"},{"$i":"month-10-genitive","$v":"Novemba"},{"$i":"month-11-genitive","$v":"Desemba"},{"$i":"month-0-short","$v":"Januari"},{"$i":"month-1-short","$v":"Februari"},{"$i":"month-2-short","$v":"Machi"},{"$i":"month-3-short","$v":"Aprili"},{"$i":"month-4-short","$v":"Mei"},{"$i":"month-5-short","$v":"Juni"},{"$i":"month-6-short","$v":"Julai"},{"$i":"month-7-short","$v":"Agosti"},{"$i":"month-8-short","$v":"Septemba"},{"$i":"month-9-short","$v":"Oktoba"},{"$i":"month-10-short","$v":"Novemba"},{"$i":"month-11-short","$v":"Disemba"},{"$i":"minutes-ago-long","$v":{"few":["dakika ",{"t":"idOrVar","v":"value"}," zilizopita"],"many":["dakika ",{"t":"idOrVar","v":"value"}," zilizopita"],"one":"dakika moja iliyopita","other":["dakika ",{"t":"idOrVar","v":"value"}," zilizopita"],"two":["dakika ",{"t":"idOrVar","v":"value"}," zilizopita"],"zero":"sasa hivi tu"},"$x":[{"t":"idOrVar","v":"plural"},"value"]},{"$i":"hours-ago-long","$v":{"few":["saa ",{"t":"idOrVar","v":"value"}," zilizopita"],"many":["saa ",{"t":"idOrVar","v":"value"}," zilizopita"],"one":"saa moja iliyopita","other":["saa ",{"t":"idOrVar","v":"value"}," zilizopita"],"two":["saa ",{"t":"idOrVar","v":"value"}," zilizopita"],"zero":"sasa hivi tu"},"$x":[{"t":"idOrVar","v":"plural"},"value"]},{"$i":"days-ago-long","$v":{"few":["Siku ",{"t":"idOrVar","v":"value"}," zilizopita"],"many":["Siku ",{"t":"idOrVar","v":"value"}," zilizopita"],"one":"jana","other":["Siku ",{"t":"idOrVar","v":"value"}," zilizopita"],"two":["Siku ",{"t":"idOrVar","v":"value"}," zilizopita"],"zero":"leo"},"$x":[{"t":"idOrVar","v":"plural"},"value"]},{"$i":"weeks-ago-long","$v":{"few":["wiki ",{"t":"idOrVar","v":"value"}," zilizopita"],"many":["wiki ",{"t":"idOrVar","v":"value"}," zilizopita"],"one":"wiki iliyopita","other":["wiki ",{"t":"idOrVar","v":"value"}," zilizopita"],"two":["wiki ",{"t":"idOrVar","v":"value"}," zilizopita"],"zero":"wiki hii"},"$x":[{"t":"idOrVar","v":"plural"},"value"]},{"$i":"months-ago-long","$v":{"few":["miezi ",{"t":"idOrVar","v":"value"}," iliyopita"],"many":["miezi ",{"t":"idOrVar","v":"value"}," iliyopita"],"one":"mwezi uliopita","other":["miezi ",{"t":"idOrVar","v":"value"}," iliyopita"],"two":["miezi ",{"t":"idOrVar","v":"value"}," iliyopita"],"zero":"mwezi huu"},"$x":[{"t":"idOrVar","v":"plural"},"value"]},{"$i":"years-ago-long","$v":{"few":["mwaka ",{"t":"idOrVar","v":"value"}," uliopita"],"many":["mwaka ",{"t":"idOrVar","v":"value"}," uliopita"],"one":"mwaka jana","other":["mwaka ",{"t":"idOrVar","v":"value"}," uliopita"],"two":["mwaka ",{"t":"idOrVar","v":"value"}," uliopita"],"zero":"mwaka huu"},"$x":[{"t":"idOrVar","v":"plural"},"value"]},{"$i":"minutes-until-long","$v":{"few":["baada ya dakika ",{"t":"idOrVar","v":"value"}],"many":["baada ya dakika ",{"t":"idOrVar","v":"value"}],"one":"baada ya dakika moja","other":["baada ya dakika ",{"t":"idOrVar","v":"value"}],"two":["baada ya dakika ",{"t":"idOrVar","v":"value"}],"zero":"sasa hivi"},"$x":[{"t":"idOrVar","v":"plural"},"value"]},{"$i":"hours-until-long","$v":{"few":["baada ya saa ",{"t":"idOrVar","v":"value"}],"many":["baada ya saa ",{"t":"idOrVar","v":"value"}],"one":"baada ya saa moja","other":["baada ya saa ",{"t":"idOrVar","v":"value"}],"two":["baada ya saa ",{"t":"idOrVar","v":"value"}],"zero":"sasa hivi"},"$x":[{"t":"idOrVar","v":"plural"},"value"]},{"$i":"days-until-long","$v":{"few":["baada ya siku ",{"t":"idOrVar","v":"value"}],"many":["baada ya siku ",{"t":"idOrVar","v":"value"}],"one":"kesho","other":["baada ya siku ",{"t":"idOrVar","v":"value"}],"two":["baada ya siku ",{"t":"idOrVar","v":"value"}],"zero":"leo"},"$x":[{"t":"idOrVar","v":"plural"},"value"]},{"$i":"weeks-until-long","$v":{"few":["baada ya wiki ",{"t":"idOrVar","v":"value"}],"many":["baada ya wiki ",{"t":"idOrVar","v":"value"}],"one":"wiki ijayo","other":["baada ya wiki ",{"t":"idOrVar","v":"value"}],"two":["baada ya wiki ",{"t":"idOrVar","v":"value"}],"zero":"wiki hii"},"$x":[{"t":"idOrVar","v":"plural"},"value"]},{"$i":"months-until-long","$v":{"few":["baada ya miezi ",{"t":"idOrVar","v":"value"}],"many":["baada ya miezi ",{"t":"idOrVar","v":"value"}],"one":"mwezi ujao","other":["baada ya miezi ",{"t":"idOrVar","v":"value"}],"two":["baada ya miezi ",{"t":"idOrVar","v":"value"}],"zero":"mwezi huu"},"$x":[{"t":"idOrVar","v":"plural"},"value"]},{"$i":"years-until-long","$v":{"few":["baada ya miaka ",{"t":"idOrVar","v":"value"}],"many":["baada ya miaka ",{"t":"idOrVar","v":"value"}],"one":"mwaka ujao","other":["baada ya miaka ",{"t":"idOrVar","v":"value"}],"two":["baada ya miaka ",{"t":"idOrVar","v":"value"}],"zero":"mwaka huu"},"$x":[{"t":"idOrVar","v":"plural"},"value"]},{"$i":"minutes-ago-short","$v":{"other":["dakika ",{"t":"idOrVar","v":"value"}," iliyopita"],"zero":"sasa hivi tu"},"$x":[{"t":"idOrVar","v":"plural"},"value"]},{"$i":"hours-ago-short","$v":{"other":["saa ",{"t":"idOrVar","v":"value"}," iliyopita"],"zero":"sasa hivi tu"},"$x":[{"t":"idOrVar","v":"plural"},"value"]},{"$i":"days-ago-short","$v":{"other":["Siku ",{"t":"idOrVar","v":"value"}," iliyopita"],"zero":"leo"},"$x":[{"t":"idOrVar","v":"plural"},"value"]},{"$i":"minutes-until-short","$v":{"other":["baada ya dakika ",{"t":"idOrVar","v":"value"}],"zero":"sasa hivi"},"$x":[{"t":"idOrVar","v":"plural"},"value"]},{"$i":"hours-until-short","$v":{"other":["baada ya saa ",{"t":"idOrVar","v":"value"}],"zero":"sasa hivi"},"$x":[{"t":"idOrVar","v":"plural"},"value"]},{"$i":"days-until-short","$v":{"other":["baada ya siku ",{"t":"idOrVar","v":"value"}],"zero":"leo"},"$x":[{"t":"idOrVar","v":"plural"},"value"]},{"$i":"incorrectDate","$v":"(Tarehe isiyo sahihi)"},{"$i":"dateTimeFormat_%c","$v":"%a %b %e %Y %I:%M:%S %p"},{"$i":"dateTimeFormat_%x","$v":"%m/%d/%Y"},{"$i":"dateTimeFormat_%X","$v":"%I:%M:%S %p"},{"$i":"shortTimeFormat","$v":"%I:%M %p"},{"$i":"shortTimeFormat12","$v":"%I:%M %p"},{"$i":"shortTimeFormat24","$v":"%H:%M"},{"$i":"shortDateTimeFormat","$v":"%x %I:%M %p"},{"$i":"weekStartsOnMonday","$v":"0"},{"$i":"firstDayOfTheWeek","$v":"0"},{"$i":"time_am","$v":"Asubuhi"},{"$i":"time_pm","$v":"PM"}]