[{"$i":"search-or-enter-address","placeholder":"Funa noma ufake ikheli"},{"$i":"delete-title","$v":["Susa ",{"t":"idOrVar","v":"name"}]},{"$i":"delete-body","$v":[{"t":"idOrVar","v":"name"}," nayo yonke idatha yakho izosuswa."]},{"$i":"delete","$v":"Susa"},{"$i":"cancel","$v":"Khansela"},{"$i":"apps","$v":"Ama-Aplikheshini"},{"$i":"menu","$v":"Imenyu"},{"$i":"notifications","$v":"Izaziso"},{"$i":"speed-dial","$v":"Ukudayela Okusheshayo"},{"$i":"select","$v":"Khetha"},{"$i":"move","$v":"Thutha"},{"$i":"ok","$v":"KULUNGILE"},{"$i":"set","$v":"Setha"},{"$i":"edit","$v":"Hlela"},{"$i":"call","$v":"Fona"},{"$i":"message","$v":"Umyalezo"},{"$i":"options","$v":"Okhetha kukho"},{"$i":"assign","$v":"Yabela"},{"$i":"remove","$v":"Susa"},{"$i":"replace","$v":"Buyisela"},{"$i":"more","$v":"Okwengeziwe"},{"$i":"settings","$v":"Amasethingi"},{"$i":"contacts","$v":"Engixhumana nabo"},{"$i":"list-view","$v":"Ukubuka Ngohlu"},{"$i":"grid-view","$v":"Ukubuka Igridi"},{"$i":"single-view","$v":"Ukubona Okukodwa Ngesikhathi"},{"$i":"skip","$v":"Yeqa"},{"$i":"shortcuts","$v":"Izinqamuleli"},{"$i":"next","$v":"Okulandelayo"},{"$i":"voicemail","$v":"Imeyili yezwi"},{"$i":"speed-dial-not-empty","ariaLabel":[{"t":"idOrVar","v":"order"},", ",{"t":"idOrVar","v":"name"}]},{"$i":"speed-dial-empty","ariaLabel":[{"t":"idOrVar","v":"order"},", akunalutho"]},{"$i":"remove-speed-dial","$v":["Uqinisekile ukuthi ufuna ukukhipha ",{"t":"idOrVar","v":"name"}," Kudayela Osheshayo?"]},{"$i":"replace-speed-dial","$v":["Uyaqiniseka ukuthi ufuna ukususa le nombolo ",{"t":"idOrVar","v":"name"}," ufake lena ",{"t":"idOrVar","v":"subName"},"?"]},{"$i":"assign-speed-dial","$v":["Oxhumana naye akafakiwe Kudayela Okusheshayo enkinobheni ",{"t":"idOrVar","v":"n"},". Yabela manje?"]},{"$i":"assign-voicemail","$v":"Inombolo yemeyili yezwi isethiwe."},{"$i":"alert-for-contacts-without-number","$v":"Abekho oxhumana nabo kule foni ekhona."},{"$i":"option-remove","$v":"Susa Ukudayela Okusheshayo"},{"$i":"option-replace","$v":"Buyisela"},{"$i":"all-apps","$v":"Onke amaplikheshini"},{"$i":"uninstall","$v":"Khipha"},{"$i":"confirm-to-uninstall-app","$v":["Khipha ",{"t":"idOrVar","v":"appName"}," le-app?"]},{"$i":"confirm-to-unpin-bookmark","$v":"Susa ukuphina iwebhusayithi?"},{"$i":"unpin","$v":"susa"},{"$i":"rename","$v":"Qamba kabusha"},{"$i":"add-to-existing-contact","$v":"Engeza KwengiXhumana Naye Okhona Kakade"},{"$i":"create-new-contact","$v":"Yakha Oxhumana Naye Omusha"},{"$i":"sending","$v":"Iyathumela…"},{"$i":"video-call","$v":"Ukufona ngevidiyo"},{"$i":"callAirplaneModeTitle","$v":"Imodi yendiza ivuliwe"},{"$i":"callAirplaneModeMessage","$v":"Ukuze ufone kumelwe uyikhiphe kwimodi yendiza kumasethingi."},{"$i":"emergencyDialogTitle","$v":"Alukho uxhumano lenethiwekhi"},{"$i":"emergencyDialogBodyBadNumber","$v":"Ukuze ufone, ucingo lwakho kumelwe luxhunywe kunethiwekhi."},{"$i":"emergencyDialogBodyDeviceNotAccepted","$v":"Amakholi aphuthumayo awavunyelwe yinethiwekhi."},{"$i":"invalidNumberToDialTitle","$v":"Inombolo yocingo engalungile."},{"$i":"invalidNumberToDialMessage","$v":"Inombolo yocingo oyishayelayo ayilungile"},{"$i":"emergency-call-only","$v":"Amakholi Aphuthumayo Kuphela"},{"$i":"emergency-call-error","$v":[{"t":"idOrVar","v":"number"}," akuyona eyesimo esiphuthumayo."]},{"$i":"numberIsBusyTitle","$v":"Inombolo imatasa"},{"$i":"numberIsBusyMessage","$v":"Inombolo imatasa njengamanje. Sicela uzame futhi ngemva kwesikhathi."},{"$i":"fdnIsActiveTitle","$v":"FND ivuliwe"},{"$i":"fdnIsActiveMessage","$v":["FDN (Fixed Dialing Numbers) iyasebenza futhi inombolo elandelayo ayikho ohlwini lwe FND yakho: ",{"t":"idOrVar","v":"number"}]},{"$i":"otherConnectionInUseTitle","$v":"Kunokunye ukuxhumana okuqhubekayo"},{"$i":"otherConnectionInUseMessage","$v":"Unocingo oluqhubekayo kokunye ukuxhumana. Ungakwazi ukusebenzisa ukuxhumana okukodwa ngesikhathi."},{"$i":"GenericFailure","$v":"Ukwehluleka kohlobo lonke"},{"$i":"CallFailed","$v":"Ikholi ihlulekile"},{"$i":"scCallBarring","$v":"Ukuvimba ifoni"},{"$i":"scCallForwarding","$v":"Ukudlulisa ikholi"},{"$i":"scClip","$v":"I-ID Yomenzi Wekholi Engenayo"},{"$i":"scClir","$v":"I-ID Yomenzi Wekholi Ephumayo"},{"$i":"scPwd","$v":"Ukushintsha iphasiwedi"},{"$i":"scCallWaiting","$v":"Ikholi elindile"},{"$i":"scPin","$v":"Ukushintsha i-PIN"},{"$i":"scPin2","$v":"I-PIN2 ishintshiwe"},{"$i":"scPuk","$v":"Vula i-PIN"},{"$i":"scPuk2","$v":"Vula i-PIN2"},{"$i":"scImei","$v":"I-IMEI"},{"$i":"scMeid","$v":"I-MEID"},{"$i":"scUssd","$v":"I-USSD"},{"$i":"deviceIsUnlocked","$v":"idivayisi ivulekile."},{"$i":"simUnlockCodeAccepted","$v":"Ikhodi yokuvula i-SIM yamukelwe"},{"$i":"simUnlockCodeFailed","$v":"Ukuvula i-SIM kwehlulekile."},{"$i":"personal","$v":"Siqu"},{"$i":"mobile","$v":"Imobhali"},{"$i":"home","$v":"Ekhaya"},{"$i":"work","$v":"Emsebenzini"},{"$i":"fax-home","$v":"Feksa ekhaya"},{"$i":"fax-office","$v":"Feksa ehhovisi"},{"$i":"fax-other","$v":"Feksa kwenye indawo"},{"$i":"homescreen-settings","$v":"Amasethingi Esikrini Sasekhaya"},{"$i":"change-wallpaper","$v":"Shintsha iphephadonga"},{"$i":"add-smart-collections","$v":"Faka Okuqongelelwe Okuhlakaniphile"},{"$i":"edit-mode","$v":"Hlela"},{"$i":"edit-done","$v":"Kwenziwe"},{"$i":"tutorial-for-side-menu-1","$v":"Cindezela ukhye WAKWESOKUNXELE ukuze ufinyelele izinhlelo kwesokunxele."},{"$i":"tutorial-for-instant-settings-1","$v":"Cindezela ukhiye PHEZULU ngamasethingi avame ukusetshenziswa."},{"$i":"tutorial-for-notices","$v":"Chofoza inkonobho EKWESOKUDLA ukuze ubone amanothisi amasha."},{"$i":"tutorial-for-google-assistant-1","$v":["Cindezela isikhathi eside ",{"t":"idOrVar","v":"microphone"}," ukuze ukhulume."]},{"$i":"tutorial-for-voice-input-1","$v":["Cindezela isikhathi eside ",{"t":"idOrVar","v":"microphone"}," ukuze ukhulume endaweni yamagama."]},{"$i":"stop-download-title","$v":["Yima ",{"t":"idOrVar","v":"name"}]},{"$i":"stop-download-body","$v":"Ingabe ufuna ukumisa ukudawuniloda kusaqhubeka?"},{"$i":"stop-download-action","$v":"Yima"},{"$i":"resume-download-title","$v":"Qala Kabusha Ukudawuniloda"},{"$i":"resume-download-body","$v":["Ingabe ufuna ukudawuniloda ",{"t":"idOrVar","v":"name"},"?"]},{"$i":"resume-download-action","$v":"Dawuniloda"},{"$i":"edit-group-header","$v":"Hlela iqembu"},{"$i":"tcl-wallpaper-changed","$v":"Iphephadonga lishintshiwe"},{"$i":"gaia-shortcut-app-updated","$v":"I-aplikheshini ibuyekeziwe"},{"$i":"clocks-updated","$v":"Iwashi lisethwe kabusha"},{"$i":"longDateFormat","$v":"%A, %B %e"},{"$i":"app-title","$v":"Ama-aplikheshini ami"},{"$i":"app-uninstall","$v":[{"t":"idOrVar","v":"name"}," isusiwe kuyidivayisi"]},{"$i":"confirmation","$v":"Ukuqinisekisa"},{"$i":"clockDateFormat","$v":"%a, %e %b"},{"$i":"sim-with-index-and-carrier","$v":["SIM ",{"t":"idOrVar","v":"index"}," - ",{"t":"idOrVar","v":"carrier"}]},{"$i":"sim-without-carrier","$v":["SIM ",{"t":"idOrVar","v":"index"}]},{"$i":"call-forwarding-async","$v":["I-Asynchronous: ",{"t":"idOrVar","v":"async"}]},{"$i":"call-forwarding-data","$v":["Idatha: ",{"t":"idOrVar","v":"data"}]},{"$i":"call-forwarding-error","$v":"Kuvele iphutha ngesikhathi ufuna isimo sekholi edluliselwayo"},{"$i":"call-forwarding-fax","$v":["I-FAX: ",{"t":"idOrVar","v":"fax"}]},{"$i":"call-forwarding-inactive","$v":"Ayisebenzi"},{"$i":"call-forwarding-packet","$v":["I-Packet: ",{"t":"idOrVar","v":"packet"}]},{"$i":"call-forwarding-pad","$v":["I-PAD: ",{"t":"idOrVar","v":"pad"}]},{"$i":"call-forwarding-sms","$v":["I-SMS: ",{"t":"idOrVar","v":"sms"}]},{"$i":"call-forwarding-status","$v":"Isimo sokudlulisa ikholi"},{"$i":"call-forwarding-sync","$v":["I-Synchronous: ",{"t":"idOrVar","v":"sync"}]},{"$i":"call-forwarding-voice","$v":["Izwi: ",{"t":"idOrVar","v":"voice"}]},{"$i":"serviceClassVoice","$v":"Izwi"},{"$i":"serviceClassData","$v":"Idatha"},{"$i":"serviceClassFax","$v":"IFEKSI"},{"$i":"serviceClassSms","$v":"I-SMS"},{"$i":"serviceClassDataSync","$v":"Vumelanisa"},{"$i":"serviceClassDataAsync","$v":"I-Async"},{"$i":"serviceClassPacket","$v":"Iphakethe"},{"$i":"serviceClassPad","$v":"I-PAD"},{"$i":"smServiceEnabled","$v":"Isevisi ivuliwe"},{"$i":"smServiceDisabled","$v":"Isevisi ivaliwe"},{"$i":"smServiceRegistered","$v":"Ukubhalisa kuphumelele"},{"$i":"smServiceErased","$v":"Ukususa kuphumelele."},{"$i":"smServiceInterrogated","$v":"Isicelo siphumelele"},{"$i":"smServiceNotProvisioned","$v":"Isevisi ayilungiselelwe"},{"$i":"smClirPermanent","$v":"Awukwazi ukushintsha amasethingi e-ID yoshaye ucingo"},{"$i":"smClirDefaultOnNextCallOn","$v":"I-ID yoshaye ucingo kusukela kokumisiwe kuya kokungavinjiwe. Ucingo olulandelayo: Luvinjiwe"},{"$i":"smClirDefaultOnNextCallOff","$v":"I-ID yoshaye ucingo kusukela kokumisiwe kuya kokungavinjiwe. Ucingo olulandelayo: Aluvinjiwe"},{"$i":"smClirDefaultOffNextCallOn","$v":"I-ID yoshaye ucingo kusukela kokumisiwe kuya kokungavinjiwe. Ucingo olulandelayo: Luvinjiwe"},{"$i":"smClirDefaultOffNextCallOff","$v":"I-ID yoshaye ucingo kusukela kokumisiwe kuya kokungavinjiwe. Ucingo olulandelayo: Aluvinjiwe"},{"$i":"smServiceEnabledFor","$v":"Isevisi ivulelwe uku-:"},{"$i":"smPinChanged","$v":"I-PIN ishintshiwe ngokuphumelelayo"},{"$i":"smPinUnblocked","$v":"I-PIN ivulwe ngokuphumelelayo"},{"$i":"smPin2Changed","$v":"I-PIN2 ishintshiwe ngokuphumelelayo"},{"$i":"smPin2Unblocked","$v":"I-PIN2 ivulwe ngokuphumelelayo"},{"$i":"ServiceIsEnabled","$v":"Isevisi inikwe amandla"},{"$i":"ServiceIsDisabled","$v":"Isevisi ikhutshaziwe"},{"$i":"ServiceIsEnabledFor","$v":"Isevisi inikwe amandla we-:"},{"$i":"emMmiError","$v":"Inkinga yokuxhuma noma ikhodi ye-MMI engalungile."},{"$i":"emMmiErrorPasswordIncorrect","$v":"Iphasiwedi engalungile"},{"$i":"emMmiErrorNotSupported","$v":"Ikhodi ye-MMI Engalungile noma Engasekelwa"},{"$i":"emMmiErrorInvalidAction","$v":"Isenzo esingavumelekile"},{"$i":"emMmiErrorInvalidScCode","$v":"Ikhodi yesevisi engalungile"},{"$i":"emMmiErrorBadPuk","$v":"I-PUK oyifakile ayilungile."},{"$i":"emMmiErrorBadPin","$v":"I-PIN yakudala oyifakile ayilungile."},{"$i":"emMmiErrorNeedPuk2","$v":"Thayipha i-PUK2 ukuvula i-SIM khadi."},{"$i":"emMmiErrorMismatchPin","$v":"Ama-PIN owafakile awafani."},{"$i":"emMmiErrorInvalidPin","$v":"Thayipha i-PIN eyizinombolo ezingu-4 kuya kwezingu-8."},{"$i":"emMmiErrorNeedsPuk","$v":"I-SIM khadi lakho livalwe nge-PUK."},{"$i":"emMmiErrorEnablePin","$v":"Akuphumelelanga. Vula i-SIM/RUIM LOCK"},{"$i":"emMmiErrorMmiFdn","$v":"Umsebenzi ulinganiselwe kuphela ekudayelini izinombolo ezingashintshi"},{"$i":"emMmiErrorStkCcUssdDial","$v":"Isicelo se-USSD sihlelwe ukuze kwenziwe isicelo SOKUDAYELA"},{"$i":"emMmiErrorStkCcUssdSs","$v":"Isicelo se-USSD sihlelwe ukuze kwenziwe isicelo se-SS"},{"$i":"emMmiErrorStkCcUssdUssd","$v":"Isicelo se-USSD sihlelwe ukuze kwenziwe isicelo se-USSD"},{"$i":"emMmiErrorStkCcSsDial","$v":"Isicelo se-SS sihlelwe ukuze kwenziwe isicelo SOKUDAYELA"},{"$i":"emMmiErrorStkCcSsUssd","$v":"Isicelo se-SS sihlelwe ukuze kwenziwe isicelo se-USSD"},{"$i":"emMmiErrorStkCcSsSs","$v":"Isicelo se-SS sihlelwe ukuze kwenziwe isicelo se-SS"},{"$i":"emMmiErrorPinPukAttempts","$v":{"few":[{"t":"idOrVar","v":"n"}," ukuzama futhi kwesobunxele"],"many":[{"t":"idOrVar","v":"n"}," ukuzama futhi kwesobunxele"],"one":["Zama kuphela ",{"t":"idOrVar","v":"n"},"  kwesobunxele"],"other":[{"t":"idOrVar","v":"n"}," ukuzama futhi kwesobunxele"],"two":[{"t":"idOrVar","v":"n"}," ukuzama futhi kwesobunxele"]},"$x":[{"t":"idOrVar","v":"plural"},"n"]},{"$i":"emMmiErrorSimBlocked","$v":"Weqele ngale kwamathuba ongazama ngawo. I-SIM iblokhekile"},{"$i":"RadioNotAvailable","$v":"Umsakazo awukho"},{"$i":"PasswordIncorrect","$v":"Iphasiwedi ayilungile"},{"$i":"SimPin2","$v":"I-SIM PIN2"},{"$i":"SimPuk2","$v":"I-SIM PUK2"},{"$i":"RequestNotSupported","$v":"Isicelo asisekelwa"},{"$i":"OpNotAllowedDuringVoiceCall","$v":"Lokhu akuvunyelwe lapho usocingweni"},{"$i":"SmsSendFailRetry","$v":"Ukuthumela i-SMS kuhlulekile phinde uzame"},{"$i":"SimAbsent","$v":"I-SIM ayikho"},{"$i":"SubscriptionNotAvailable","$v":"I-Subscription ayikho"},{"$i":"ModeNotSupported","$v":"Imodi ayisekelwa"},{"$i":"FdnCheckFailure","$v":"Ukuhlola i-fdn akuphumelelanga"},{"$i":"IllegalSimOrMe","$v":"I-SIM noma i-ME engekho emthethweni"},{"$i":"DialModifiedToUssd","$v":"Ukudayela kushintshelwe ku-USSD"},{"$i":"DialModifiedToSs","$v":"Ukudayela kushintshelwe ku-SS"},{"$i":"DialModifiedToDial","$v":"Ukudayela kushintshelwe kudayela"},{"$i":"UssdModifiedToDial","$v":"I-USSD ihlelelwe ukudayela"},{"$i":"UssdModifiedToSs","$v":"I-USSD ihlelelwe i-SS"},{"$i":"UssdModifiedToUssd","$v":"I-USSD ihlelelwe i-USSD"},{"$i":"SsModifiedToDial","$v":"I-SS ihlelelwe ukudayela"},{"$i":"SsModifiedToUssd","$v":"I-SS ihlelelwe i-USSD"},{"$i":"SsModifiedToSs","$v":"I-SS ihlelelwe i-SS"},{"$i":"SubscriptionNotSupported","$v":"I-Subscription ayisekelwa"},{"$i":"InvalidParameter","$v":"Isilinganiselo esingasebenzi"},{"$i":"RejectedByRemote","$v":"Yenqatshelwe ngerimothi"},{"$i":"GetEmptyUssdPrompt","$v":"Kutholakale impendulo engasizi."},{"$i":"label","$v":"Ilebula"},{"$i":"faxHome","$v":"Feksa ekhaya"},{"$i":"faxOffice","$v":"Feksa ehhovisi"},{"$i":"faxOther","$v":"Feksa kwenye indawo"},{"$i":"another","$v":"Okunye"},{"$i":"other","$v":"Okunye"},{"$i":"tcl-customTag","$v":"I-thegi ethandwa nguwe"},{"$i":"customTag","$v":"I-thegi ethandwa nguwe","placeholder":"I-thegi ethandwa nguwe"},{"$i":"current","$v":"Okwamanje"},{"$i":"itemWithLabel","$v":[{"t":"idOrVar","v":"label"},", ",{"t":"idOrVar","v":"item"}]},{"$i":"weekday-0-long","$v":"ISonto"},{"$i":"weekday-1-long","$v":"UMsombuluko"},{"$i":"weekday-2-long","$v":"ULwesibili"},{"$i":"weekday-3-long","$v":"ULwesithathu"},{"$i":"weekday-4-long","$v":"ULwesine"},{"$i":"weekday-5-long","$v":"ULwesihlanu"},{"$i":"weekday-6-long","$v":"UMgqibelo"},{"$i":"weekday-0-short","$v":"Isonto"},{"$i":"weekday-1-short","$v":"Mso"},{"$i":"weekday-2-short","$v":"Lwbl"},{"$i":"weekday-3-short","$v":"Lwth"},{"$i":"weekday-4-short","$v":"Lwesn"},{"$i":"weekday-5-short","$v":"Lwshl"},{"$i":"weekday-6-short","$v":"Mgq"},{"$i":"month-0-long","$v":"Januwari"},{"$i":"month-1-long","$v":"Febhuwari"},{"$i":"month-2-long","$v":"Mashi"},{"$i":"month-3-long","$v":"Ephreli"},{"$i":"month-4-long","$v":"Meyi"},{"$i":"month-5-long","$v":"Juni"},{"$i":"month-6-long","$v":"Julayi"},{"$i":"month-7-long","$v":"Agasti"},{"$i":"month-8-long","$v":"Septhemba"},{"$i":"month-9-long","$v":"Okthoba"},{"$i":"month-10-long","$v":"Novemba"},{"$i":"month-11-long","$v":"Disemba"},{"$i":"month-0-genitive","$v":"Januwari"},{"$i":"month-1-genitive","$v":"Febhuwari"},{"$i":"month-2-genitive","$v":"Mashi"},{"$i":"month-3-genitive","$v":"Ephreli"},{"$i":"month-4-genitive","$v":"Meyi"},{"$i":"month-5-genitive","$v":"Juni"},{"$i":"month-6-genitive","$v":"Julayi"},{"$i":"month-7-genitive","$v":"Agasti"},{"$i":"month-8-genitive","$v":"Septhemba"},{"$i":"month-9-genitive","$v":"Okthoba"},{"$i":"month-10-genitive","$v":"Novemba"},{"$i":"month-11-genitive","$v":"Disemba"},{"$i":"month-0-short","$v":"Jan"},{"$i":"month-1-short","$v":"Feb"},{"$i":"month-2-short","$v":"Mas"},{"$i":"month-3-short","$v":"Ephr"},{"$i":"month-4-short","$v":"Meyi"},{"$i":"month-5-short","$v":"Jun"},{"$i":"month-6-short","$v":"Jul"},{"$i":"month-7-short","$v":"Aga"},{"$i":"month-8-short","$v":"Sep"},{"$i":"month-9-short","$v":"Okt"},{"$i":"month-10-short","$v":"Nov"},{"$i":"month-11-short","$v":"Dis"},{"$i":"minutes-ago-long","$v":{"few":[{"t":"idOrVar","v":"value"}," imizuzu edlule"],"many":[{"t":"idOrVar","v":"value"}," imizuzu edlule"],"one":"Umzuzu odlule","other":[{"t":"idOrVar","v":"value"}," imizuzu edlule"],"two":[{"t":"idOrVar","v":"value"}," imizuzu edlule"],"zero":"manje"},"$x":[{"t":"idOrVar","v":"plural"},"value"]},{"$i":"hours-ago-long","$v":{"few":[{"t":"idOrVar","v":"value"}," amahora adlule"],"many":[{"t":"idOrVar","v":"value"}," amahora adlule"],"one":"ihora elidlule","other":[{"t":"idOrVar","v":"value"}," amahora adlule"],"two":[{"t":"idOrVar","v":"value"}," amahora adlule"],"zero":"manje"},"$x":[{"t":"idOrVar","v":"plural"},"value"]},{"$i":"days-ago-long","$v":{"few":[{"t":"idOrVar","v":"value"}," izinsuku ezidlule"],"many":[{"t":"idOrVar","v":"value"}," izinsuku ezidlule"],"one":"izolo","other":[{"t":"idOrVar","v":"value"}," izinsuku ezidlule"],"two":[{"t":"idOrVar","v":"value"}," izinsuku ezidlule"],"zero":"namuhla"},"$x":[{"t":"idOrVar","v":"plural"},"value"]},{"$i":"weeks-ago-long","$v":{"few":[{"t":"idOrVar","v":"value"}," amaviki adlule"],"many":[{"t":"idOrVar","v":"value"}," amaviki adlule"],"one":"iviki eledlule","other":[{"t":"idOrVar","v":"value"}," amaviki adlule"],"two":[{"t":"idOrVar","v":"value"}," amaviki adlule"],"zero":"kuleli viki"},"$x":[{"t":"idOrVar","v":"plural"},"value"]},{"$i":"months-ago-long","$v":{"few":[{"t":"idOrVar","v":"value"}," izinyanga ezidlule"],"many":[{"t":"idOrVar","v":"value"}," izinyanga ezidlule"],"one":"inyanga edlule","other":[{"t":"idOrVar","v":"value"}," izinyanga ezidlule"],"two":[{"t":"idOrVar","v":"value"}," izinyanga ezidlule"],"zero":"kule nyanga"},"$x":[{"t":"idOrVar","v":"plural"},"value"]},{"$i":"years-ago-long","$v":{"few":[{"t":"idOrVar","v":"value"}," iminyaka edlule"],"many":[{"t":"idOrVar","v":"value"}," iminyaka edlule"],"one":"ngonyaka odlule","other":[{"t":"idOrVar","v":"value"}," iminyaka edlule"],"two":[{"t":"idOrVar","v":"value"}," iminyaka edlule"],"zero":"kulo nyaka"},"$x":[{"t":"idOrVar","v":"plural"},"value"]},{"$i":"minutes-until-long","$v":{"few":["emizuzwini engu ",{"t":"idOrVar","v":"value"}],"many":["emizuzwini engu ",{"t":"idOrVar","v":"value"}],"one":"Ngemva komzuzu","other":["emizuzwini engu ",{"t":"idOrVar","v":"value"}],"two":["emizuzwini engu ",{"t":"idOrVar","v":"value"}],"zero":"manje"},"$x":[{"t":"idOrVar","v":"plural"},"value"]},{"$i":"hours-until-long","$v":{"few":["emahoreni angu ",{"t":"idOrVar","v":"value"}],"many":["emahoreni angu ",{"t":"idOrVar","v":"value"}],"one":"Ngemva kwehora","other":["emahoreni angu ",{"t":"idOrVar","v":"value"}],"two":["emahoreni angu ",{"t":"idOrVar","v":"value"}],"zero":"manje"},"$x":[{"t":"idOrVar","v":"plural"},"value"]},{"$i":"days-until-long","$v":{"few":["Ezinsukwini ezingu ",{"t":"idOrVar","v":"value"}],"many":["Ezinsukwini ezingu ",{"t":"idOrVar","v":"value"}],"one":"kusasa","other":["Ezinsukwini ezingu ",{"t":"idOrVar","v":"value"}],"two":["Ezinsukwini ezingu ",{"t":"idOrVar","v":"value"}],"zero":"namuhla"},"$x":[{"t":"idOrVar","v":"plural"},"value"]},{"$i":"weeks-until-long","$v":{"few":["emavikini angu ",{"t":"idOrVar","v":"value"}],"many":["emavikini angu ",{"t":"idOrVar","v":"value"}],"one":"ngeviki elizayo","other":["emavikini angu ",{"t":"idOrVar","v":"value"}],"two":["emavikini angu ",{"t":"idOrVar","v":"value"}],"zero":"kuleli viki"},"$x":[{"t":"idOrVar","v":"plural"},"value"]},{"$i":"months-until-long","$v":{"few":["ezinyangeni ezingu ",{"t":"idOrVar","v":"value"}],"many":["ezinyangeni ezingu ",{"t":"idOrVar","v":"value"}],"one":"ngenyanga ezayo","other":["ezinyangeni ezingu ",{"t":"idOrVar","v":"value"}],"two":["ezinyangeni ezingu ",{"t":"idOrVar","v":"value"}],"zero":"kule nyanga"},"$x":[{"t":"idOrVar","v":"plural"},"value"]},{"$i":"years-until-long","$v":{"few":["eminyakeni engu ",{"t":"idOrVar","v":"value"}],"many":["eminyakeni engu ",{"t":"idOrVar","v":"value"}],"one":"ngonyaka ozayo","other":["eminyakeni engu ",{"t":"idOrVar","v":"value"}],"two":["eminyakeni engu ",{"t":"idOrVar","v":"value"}],"zero":"kulo nyaka"},"$x":[{"t":"idOrVar","v":"plural"},"value"]},{"$i":"minutes-ago-short","$v":{"other":[{"t":"idOrVar","v":"value"}," umzuzu odlule"],"zero":"manje"},"$x":[{"t":"idOrVar","v":"plural"},"value"]},{"$i":"hours-ago-short","$v":{"other":[{"t":"idOrVar","v":"value"}," ihora elidlule"],"zero":"manje"},"$x":[{"t":"idOrVar","v":"plural"},"value"]},{"$i":"days-ago-short","$v":{"other":[{"t":"idOrVar","v":"value"}," usuku oludlule"],"zero":"namuhla"},"$x":[{"t":"idOrVar","v":"plural"},"value"]},{"$i":"minutes-until-short","$v":{"other":["Ngemva kwemizuzu engu ",{"t":"idOrVar","v":"value"}],"zero":"manje"},"$x":[{"t":"idOrVar","v":"plural"},"value"]},{"$i":"hours-until-short","$v":{"other":["Ngehora ",{"t":"idOrVar","v":"value"}],"zero":"manje"},"$x":[{"t":"idOrVar","v":"plural"},"value"]},{"$i":"days-until-short","$v":{"other":["osukwini ",{"t":"idOrVar","v":"value"}],"zero":"namuhla"},"$x":[{"t":"idOrVar","v":"plural"},"value"]},{"$i":"incorrectDate","$v":"(Usuku olunganembile)"},{"$i":"dateTimeFormat_%c","$v":"%a %b %e %Y %I:%M:%S %p"},{"$i":"dateTimeFormat_%x","$v":"%m/%d/%Y"},{"$i":"dateTimeFormat_%X","$v":"%I:%M:%S %p"},{"$i":"shortTimeFormat","$v":"%I:%M %p"},{"$i":"shortTimeFormat12","$v":"%I:%M %p"},{"$i":"shortTimeFormat24","$v":"%H:%M"},{"$i":"shortDateTimeFormat","$v":"%x %I:%M %p"},{"$i":"weekStartsOnMonday","$v":"0"},{"$i":"firstDayOfTheWeek","$v":"0"},{"$i":"time_am","$v":"AM"},{"$i":"time_pm","$v":"PM"}]